{
  "algorithm": "LEASTSQUARE_REGRESSION",
  "least_squares_grid": {
    "enabled": true,
    "n_jobs": 2
  },
  "max_ensemble_nodes_serialized": 0,
  "metrics": {
    "evaluationMetric": "R2",
    "customEvaluationMetricGIB": true,
    "customEvaluationMetricNeedsProba": false,
    "costMatrixWeights": {
      "tpGain": 1.0,
      "tnGain": 0.0,
      "fpGain": -0.3,
      "fnGain": 0.0
    },
    "liftPoint": 0.4
  },
  "autoOptimizeThreshold": true,
  "forcedClassifierThreshold": 0.0,
  "gridLength": 0,
  "grid_search_params": {
    "mode": "KFOLD",
    "splitRatio": 0.8,
    "shuffleIterations": 1,
    "nFolds": 3,
    "stratified": true,
    "strategy": "GRID",
    "randomized": true,
    "nIter": 0,
    "timeout": 0,
    "nJobs": 4
  },
  "pluginAlgoCustomGridSearch": false,
  "computeLearningCurves": false,
  "skipExpensiveReports": false
}