{
  "state": "DONE",
  "preSearchDescription": {
    "gridLength": 1,
    "importantParams": []
  },
  "postSearchDescription": {
    "importantParams": []
  },
  "timeOrderingEnabled": false,
  "sampleWeightsEnabled": false,
  "modelId": "m1",
  "progress": {
    "top_level_todo": [],
    "stack": [],
    "top_level_done": [
      {
        "name": "Loading train set",
        "time": 43
      },
      {
        "name": "Loading test set",
        "time": 15
      },
      {
        "name": "Collecting statistics",
        "time": 25
      },
      {
        "name": "Preprocessing train set",
        "time": 43
      },
      {
        "name": "Preprocessing test set",
        "time": 22
      },
      {
        "name": "Fitting model",
        "time": 89
      },
      {
        "name": "Saving model",
        "time": 2
      },
      {
        "name": "Scoring model",
        "time": 484
      }
    ]
  },
  "startTime": 1586980175187,
  "endTime": 1586980175911,
  "preprocessingTime": 149,
  "trainingTime": 575
}