{
  "params": {
    "ttPolicy": "SPLIT_SINGLE_DATASET",
    "ssdSplitMode": "RANDOM",
    "splitBeforePrepare": true,
    "ssdSelection": {
      "useMemTable": false,
      "filter": {
        "distinct": false,
        "enabled": false
      },
      "partitionSelectionMethod": "ALL",
      "latestPartitionsN": 1,
      "ordering": {
        "enabled": false,
        "rules": []
      },
      "samplingMethod": "HEAD_SEQUENTIAL",
      "maxRecords": 100000,
      "targetRatio": 0.02,
      "withinFirstN": -1,
      "maxReadUncompressedBytes": -1
    },
    "ssdTrainingRatio": 0.8,
    "ssdSeed": 1337,
    "testOnLargerValues": true,
    "kfold": false,
    "nFolds": 5,
    "instanceIdRefresher": 0,
    "subSamplingSeed": 1337
  },
  "generationDate": 1587055425489,
  "policyId": "type\u003dSPLIT_SINGLE_DATASET,split\u003dRANDOM,splitBeforePrepare\u003dtrue,ds\u003dhistorical,sel\u003d(method\u003dhead-s,records\u003d100000),r\u003d0.8,s\u003d1337",
  "instanceId": "0af2a33056289dcc5bbd36133fdd5191-0",
  "format": "csv1",
  "schema": {
    "columns": [
      {"name":"longitude","type":"double"},
      {"name":"latitude","type":"double"},
      {"name":"housing_median_age","type":"double"},
      {"name":"total_rooms","type":"double"},
      {"name":"total_bedrooms","type":"double"},
      {"name":"population","type":"double"},
      {"name":"households","type":"double"},
      {"name":"Family_size","type":"double"},
      {"name":"median_income","type":"double"},
      {"name":"median_house_value","type":"double"},
      {"name":"ocean_proximity","type":"string"},
      {"name":"geopoint","type":"string"}
    ],
    "userModified": false
  },
  "trainPath": "train.csv.gz",
  "testPath": "test.csv.gz",
  "trainRows": 13138,
  "testRows": 3323,
  "fullRows": 0
}