{
  "state": "DONE",
  "preSearchDescription": {
    "gridLength": 1,
    "importantParams": [
      {
        "name": "trees",
        "vals": [
          "100"
        ]
      },
      {
        "name": "learning_rate",
        "vals": [
          "0.1"
        ]
      },
      {
        "name": "max_depth",
        "vals": [
          "3"
        ]
      }
    ]
  },
  "postSearchDescription": {
    "importantParams": [
      {
        "name": "trees",
        "val": "100"
      },
      {
        "name": "learning_rate",
        "val": "0.1"
      },
      {
        "name": "max_depth",
        "val": "3"
      }
    ]
  },
  "timeOrderingEnabled": false,
  "sampleWeightsEnabled": false,
  "modelId": "m1",
  "progress": {
    "top_level_todo": [],
    "stack": [],
    "top_level_done": [
      {
        "name": "Loading train set",
        "time": 78
      },
      {
        "name": "Loading test set",
        "time": 84
      },
      {
        "name": "Collecting statistics",
        "time": 98
      },
      {
        "name": "Preprocessing train set",
        "time": 134
      },
      {
        "name": "Preprocessing test set",
        "time": 46
      },
      {
        "name": "Fitting model",
        "time": 8115
      },
      {
        "name": "Saving model",
        "time": 44
      },
      {
        "name": "Scoring model",
        "time": 783
      }
    ]
  },
  "startTime": 1587055338549,
  "endTime": 1587055347935,
  "preprocessingTime": 442,
  "trainingTime": 8944
}