{
  "state": "DONE",
  "preSearchDescription": {
    "gridLength": 1,
    "importantParams": [
      {
        "name": "trees",
        "vals": [
          "100"
        ]
      },
      {
        "name": "learning_rate",
        "vals": [
          "0.1"
        ]
      },
      {
        "name": "max_depth",
        "vals": [
          "3"
        ]
      }
    ]
  },
  "postSearchDescription": {
    "importantParams": [
      {
        "name": "trees",
        "val": "100"
      },
      {
        "name": "learning_rate",
        "val": "0.1"
      },
      {
        "name": "max_depth",
        "val": "3"
      }
    ]
  },
  "timeOrderingEnabled": false,
  "sampleWeightsEnabled": false,
  "modelId": "m1",
  "progress": {
    "top_level_todo": [],
    "stack": [],
    "top_level_done": [
      {
        "name": "Loading train set",
        "time": 43
      },
      {
        "name": "Loading test set",
        "time": 14
      },
      {
        "name": "Collecting statistics",
        "time": 26
      },
      {
        "name": "Preprocessing train set",
        "time": 45
      },
      {
        "name": "Preprocessing test set",
        "time": 22
      },
      {
        "name": "Fitting model",
        "time": 2853
      },
      {
        "name": "Saving model",
        "time": 22
      },
      {
        "name": "Scoring model",
        "time": 406
      }
    ]
  },
  "startTime": 1586980176856,
  "endTime": 1586980180290,
  "preprocessingTime": 153,
  "trainingTime": 3281
}