{
    "gridSize": 2, 
    "nThreads": 4, 
    "metric": "R2", 
    "gridPoints": [
        {
            "index": 0, 
            "finishedAt": 1586980178105.0, 
            "score": 0.7237276399446956, 
            "parameters": {
                "max_features": "auto", 
                "n_estimators": 100, 
                "min_samples_split": 30, 
                "max_depth": 6, 
                "min_samples_leaf": 10
            }, 
            "time": 15612.0
        }, 
        {
            "index": 1, 
            "finishedAt": 1586980182712.0, 
            "score": 0.7776025156139497, 
            "parameters": {
                "max_features": "auto", 
                "n_estimators": 100, 
                "min_samples_split": 30, 
                "max_depth": 13, 
                "min_samples_leaf": 10
            }, 
            "time": 16413.0
        }
    ], 
    "startedAt": 1586980172638, 
    "nSplits": 3
}