[
    {
        "parameters": {
            "max_features": "auto", 
            "n_estimators": 100, 
            "min_samples_split": 30, 
            "max_depth": 6, 
            "min_samples_leaf": 10
        }, 
        "score_time": 76, 
        "test_score": 0.7080390187838534, 
        "fit_time": 4951, 
        "num_samples": 4379, 
        "best_iteration": null, 
        "train_score": 0.7542293370346433, 
        "parameter_id": 0, 
        "time": 5027, 
        "done_at": 1586980177673, 
        "grid_point_id": "{\"max_features\": \"auto\", \"n_estimators\": 100, \"min_samples_split\": 30, \"max_depth\": 6, \"min_samples_leaf\": 10}@1"
    }, 
    {
        "parameters": {
            "max_features": "auto", 
            "n_estimators": 100, 
            "min_samples_split": 30, 
            "max_depth": 6, 
            "min_samples_leaf": 10
        }, 
        "score_time": 276, 
        "test_score": 0.7260385843975344, 
        "fit_time": 5180, 
        "num_samples": 4379, 
        "best_iteration": null, 
        "train_score": 0.7539669691303663, 
        "parameter_id": 0, 
        "time": 5456, 
        "done_at": 1586980178105, 
        "grid_point_id": "{\"max_features\": \"auto\", \"n_estimators\": 100, \"min_samples_split\": 30, \"max_depth\": 6, \"min_samples_leaf\": 10}@2"
    }, 
    {
        "parameters": {
            "max_features": "auto", 
            "n_estimators": 100, 
            "min_samples_split": 30, 
            "max_depth": 6, 
            "min_samples_leaf": 10
        }, 
        "score_time": 122, 
        "test_score": 0.7371022623886101, 
        "fit_time": 5007, 
        "num_samples": 4380, 
        "best_iteration": null, 
        "train_score": 0.747303434649681, 
        "parameter_id": 0, 
        "time": 5129, 
        "done_at": 1586980177774, 
        "grid_point_id": "{\"max_features\": \"auto\", \"n_estimators\": 100, \"min_samples_split\": 30, \"max_depth\": 6, \"min_samples_leaf\": 10}@0"
    }, 
    {
        "parameters": {
            "max_features": "auto", 
            "n_estimators": 100, 
            "min_samples_split": 30, 
            "max_depth": 13, 
            "min_samples_leaf": 10
        }, 
        "score_time": 121, 
        "test_score": 0.7877219321707848, 
        "fit_time": 6343, 
        "num_samples": 4380, 
        "best_iteration": null, 
        "train_score": 0.8388951060959662, 
        "parameter_id": 1, 
        "time": 6464, 
        "done_at": 1586980179114, 
        "grid_point_id": "{\"max_features\": \"auto\", \"n_estimators\": 100, \"min_samples_split\": 30, \"max_depth\": 13, \"min_samples_leaf\": 10}@0"
    }, 
    {
        "parameters": {
            "max_features": "auto", 
            "n_estimators": 100, 
            "min_samples_split": 30, 
            "max_depth": 13, 
            "min_samples_leaf": 10
        }, 
        "score_time": 121, 
        "test_score": 0.7783793323982808, 
        "fit_time": 4793, 
        "num_samples": 4379, 
        "best_iteration": null, 
        "train_score": 0.8464164501947424, 
        "parameter_id": 1, 
        "time": 4914, 
        "done_at": 1586980182704, 
        "grid_point_id": "{\"max_features\": \"auto\", \"n_estimators\": 100, \"min_samples_split\": 30, \"max_depth\": 13, \"min_samples_leaf\": 10}@2"
    }, 
    {
        "parameters": {
            "max_features": "auto", 
            "n_estimators": 100, 
            "min_samples_split": 30, 
            "max_depth": 13, 
            "min_samples_leaf": 10
        }, 
        "score_time": 122, 
        "test_score": 0.7667087699972908, 
        "fit_time": 4913, 
        "num_samples": 4379, 
        "best_iteration": null, 
        "train_score": 0.8480553228581199, 
        "parameter_id": 1, 
        "time": 5035, 
        "done_at": 1586980182712, 
        "grid_point_id": "{\"max_features\": \"auto\", \"n_estimators\": 100, \"min_samples_split\": 30, \"max_depth\": 13, \"min_samples_leaf\": 10}@1"
    }
]