{
  "state": "DONE",
  "preSearchDescription": {
    "gridLength": 2,
    "importantParams": [
      {
        "name": "trees",
        "vals": [
          "100"
        ]
      },
      {
        "name": "depth",
        "vals": [
          "6",
          "13"
        ]
      },
      {
        "name": "min_samples",
        "vals": [
          "10"
        ]
      }
    ]
  },
  "postSearchDescription": {
    "importantParams": [
      {
        "name": "trees",
        "val": "100"
      },
      {
        "name": "depth",
        "val": "13"
      },
      {
        "name": "min_samples",
        "val": "10"
      }
    ]
  },
  "timeOrderingEnabled": false,
  "sampleWeightsEnabled": false,
  "modelId": "m1",
  "progress": {
    "top_level_todo": [],
    "stack": [],
    "top_level_done": [
      {
        "name": "Loading train set",
        "time": 44
      },
      {
        "name": "Loading test set",
        "time": 14
      },
      {
        "name": "Collecting statistics",
        "time": 26
      },
      {
        "name": "Preprocessing train set",
        "time": 46
      },
      {
        "name": "Preprocessing test set",
        "time": 24
      },
      {
        "name": "Grid searching",
        "time": 11042
      },
      {
        "name": "Fitting model",
        "time": 7253
      },
      {
        "name": "Saving model",
        "time": 27
      },
      {
        "name": "Scoring model",
        "time": 1568
      }
    ]
  },
  "startTime": 1586980172465,
  "endTime": 1586980192513,
  "preprocessingTime": 156,
  "trainingTime": 19892
}