{
  "state": "DONE",
  "preSearchDescription": {
    "gridLength": 1,
    "importantParams": [
      {
        "name": "trees",
        "vals": [
          "100"
        ]
      },
      {
        "name": "learning_rate",
        "vals": [
          "0.1"
        ]
      },
      {
        "name": "max_depth",
        "vals": [
          "3"
        ]
      }
    ]
  },
  "postSearchDescription": {
    "importantParams": [
      {
        "name": "trees",
        "val": "100"
      },
      {
        "name": "learning_rate",
        "val": "0.1"
      },
      {
        "name": "max_depth",
        "val": "3"
      }
    ]
  },
  "timeOrderingEnabled": false,
  "sampleWeightsEnabled": false,
  "modelId": "m1",
  "progress": {
    "top_level_todo": [],
    "stack": [],
    "top_level_done": [
      {
        "name": "Loading train set",
        "time": 109
      },
      {
        "name": "Loading test set",
        "time": 46
      },
      {
        "name": "Collecting statistics",
        "time": 58
      },
      {
        "name": "Preprocessing train set",
        "time": 112
      },
      {
        "name": "Preprocessing test set",
        "time": 73
      },
      {
        "name": "Fitting model",
        "time": 9343
      },
      {
        "name": "Saving model",
        "time": 39
      },
      {
        "name": "Scoring model",
        "time": 781
      }
    ]
  },
  "startTime": 1587055441246,
  "endTime": 1587055451821,
  "preprocessingTime": 410,
  "trainingTime": 10165
}