{
  "type": "PostgreSQL",
  "managed": true,
  "checklists": {
    "checklists": []
  },
  "checks": [],
  "customMeta": {
    "kv": {}
  },
  "flowOptions": {
    "virtualizable": false,
    "rebuildBehavior": "NORMAL",
    "crossProjectBuildBehavior": "DEFAULT"
  },
  "readWriteOptions": {
    "preserveOrder": false,
    "writeBuckets": 1,
    "forceSingleOutputFile": false,
    "defaultReadOrdering": {
      "enabled": false,
      "rules": []
    }
  },
  "partitioning": {
    "ignoreNonMatchingFile": false,
    "considerMissingRequestedPartitionsAsEmpty": false,
    "dimensions": []
  },
  "versionTag": {
    "versionNumber": 3,
    "lastModifiedBy": {
      "login": "dataiku-admin"
    },
    "lastModifiedOn": 1586979902161
  },
  "creationTag": {
    "versionNumber": 0,
    "lastModifiedBy": {
      "login": "dataiku-admin"
    },
    "lastModifiedOn": 1586978905610
  },
  "tags": [],
  "params": {
    "writeWithCopyBadDataBehavior": "NOVERIFY_ERROR",
    "connection": "postgres-local",
    "notReadyIfEmpty": false,
    "mode": "table",
    "partitioningType": "custom",
    "normalizeDoubles": true,
    "table": "${projectKey}_to_predict_clean",
    "tableCreationMode": "auto",
    "writeInsertBatchSize": 10000,
    "writeJDBCBadDataBehavior": "DISCARD_ROW",
    "readColsWithUnknownTzAsDates": false,
    "readSQLDateColsAsDSSDates": true
  },
  "schema": {
    "columns": [
      {
        "name": "longitude",
        "type": "double"
      },
      {
        "name": "latitude",
        "type": "double"
      },
      {
        "name": "housing_median_age",
        "type": "double"
      },
      {
        "name": "total_rooms",
        "type": "double"
      },
      {
        "name": "total_bedrooms",
        "type": "double"
      },
      {
        "name": "population",
        "type": "double"
      },
      {
        "name": "households",
        "type": "double"
      },
      {
        "name": "Family_size",
        "type": "double"
      },
      {
        "name": "median_income",
        "type": "double"
      },
      {
        "name": "median_house_value",
        "type": "double"
      },
      {
        "name": "ocean_proximity",
        "type": "string"
      },
      {
        "name": "geopoint",
        "type": "string"
      }
    ],
    "userModified": true
  },
  "metrics": {
    "probes": [
      {
        "type": "basic",
        "enabled": true,
        "computeOnBuildMode": "PARTITION",
        "meta": {
          "name": "Basic data",
          "level": 0
        },
        "configuration": {}
      },
      {
        "type": "records",
        "enabled": true,
        "computeOnBuildMode": "NO",
        "meta": {
          "name": "Record count",
          "level": 0
        },
        "configuration": {}
      },
      {
        "type": "col_stats",
        "enabled": false,
        "computeOnBuildMode": "NO",
        "meta": {
          "name": "Columns statistics",
          "level": 2
        },
        "configuration": {
          "aggregates": []
        }
      },
      {
        "type": "adv_col_stats",
        "enabled": false,
        "computeOnBuildMode": "NO",
        "meta": {
          "name": "Most frequent values",
          "level": 3
        },
        "configuration": {
          "aggregates": []
        }
      },
      {
        "type": "percentile_stats",
        "enabled": false,
        "computeOnBuildMode": "NO",
        "meta": {
          "name": "Columns percentiles",
          "level": 4
        },
        "configuration": {
          "aggregates": []
        }
      },
      {
        "type": "verify_col",
        "enabled": false,
        "computeOnBuildMode": "NO",
        "meta": {
          "name": "Data validity",
          "level": 4
        },
        "configuration": {
          "aggregates": []
        }
      },
      {
        "type": "sql_query",
        "enabled": false,
        "computeOnBuildMode": "NO",
        "meta": {
          "name": "SQL probe",
          "level": 9
        },
        "configuration": {
          "code": "-- the metrics values and names are taken from the columns of the select statement\nSELECT 42 AS metric_1, \u0027xxx\u0027 AS metric_2 FROM ${DKU_DATASET_TABLE_NAME}\n-- when partitioned, a filter for the WHERE clause can be added like:\n-- WHERE ${DKU_PARTITION_FILTER} \n-- when the dataset is a sql query, the select query is available as\n-- ${DKU_DATASET_QUERY} and, if any, statements before and after the\n-- select as ${DKU_DATASET_PRE_QUERIES} and  ${DKU_DATASET_POST_QUERIES}\n",
          "canRunOnImpala": true,
          "singleAggregate": false,
          "perColumn": false,
          "columns": []
        }
      }
    ],
    "engineConfig": {
      "padRunsWithMetrics": false,
      "hive": {
        "active": true,
        "extraConf": []
      },
      "basic": {},
      "dss": {
        "active": true,
        "selection": {
          "useMemTable": false,
          "filter": {
            "distinct": false,
            "enabled": false
          },
          "partitionSelectionMethod": "ALL",
          "latestPartitionsN": 1,
          "ordering": {
            "enabled": false,
            "rules": []
          },
          "samplingMethod": "FULL",
          "maxRecords": -1,
          "targetRatio": 0.02,
          "withinFirstN": -1,
          "maxReadUncompressedBytes": -1
        }
      },
      "sql": {
        "active": true
      },
      "impala": {
        "active": true
      },
      "spark": {
        "active": true,
        "extraConf": []
      },
      "python": {}
    },
    "displayedState": {
      "partition": "NP",
      "columns": [],
      "metrics": [
        "basic:COUNT_COLUMNS",
        "records:COUNT_RECORDS"
      ]
    }
  },
  "metricsChecks": {
    "runOnBuild": false,
    "checks": [
      {
        "code": "# Define here a function that returns the outcome of the check.\ndef process(last_values, dataset, partition_id):\n    # last_values is a dict of the last values of the metrics,\n    # with the values as a dataiku.metrics.MetricDataPoint.\n    # dataset is a dataiku.Dataset object\n    return \u0027OK\u0027, \u0027optional message\u0027 # or \u0027WARNING\u0027 or \u0027ERROR\u0027\n",
        "envSelection": {
          "envMode": "INHERIT"
        },
        "type": "python",
        "meta": {
          "name": "Custom check"
        },
        "computeOnBuildMode": "PARTITION"
      }
    ],
    "displayedState": {
      "partition": "NP",
      "checks": []
    }
  },
  "customFields": {}
}