{
  "trainedWithDSSVersion": "7.0.0",
  "backend": "PY_MEMORY",
  "isValid": true,
  "type": "REGRESSION",
  "algorithm_name": "FOREST_REGRESSOR",
  "columns": [
    "Family_size",
    "households",
    "housing_median_age",
    "latitude",
    "longitude",
    "median_income",
    "population",
    "total_bedrooms",
    "total_rooms",
    "dummy:geopoint:POINT(-122.42 37.75)",
    "dummy:geopoint:POINT(-122.42 37.8)",
    "dummy:geopoint:POINT(-118.26 34.02)",
    "dummy:geopoint:POINT(-122.41 37.8)",
    "dummy:geopoint:POINT(-118.28 33.99)",
    "dummy:geopoint:POINT(-122.44 37.78)",
    "dummy:geopoint:POINT(-122.46 37.78)",
    "dummy:geopoint:POINT(-118.47 33.99)",
    "dummy:geopoint:POINT(-118.19 34.05)",
    "dummy:geopoint:POINT(-118.26 34.07)",
    "dummy:geopoint:POINT(-118.29 34.09)",
    "dummy:geopoint:POINT(-122.42 37.76)",
    "dummy:geopoint:POINT(-122.28 37.81)",
    "dummy:geopoint:POINT(-118.2 34.05)",
    "dummy:geopoint:POINT(-118.36 34.03)",
    "dummy:geopoint:POINT(-118.36 34.09)",
    "dummy:geopoint:POINT(-122.47 37.76)",
    "dummy:geopoint:POINT(-118.32 33.98)",
    "dummy:geopoint:POINT(-122.41 37.79)",
    "dummy:geopoint:POINT(-118.19 34.12)",
    "dummy:geopoint:POINT(-122.44 37.79)",
    "dummy:geopoint:POINT(-118.31 34.02)",
    "dummy:geopoint:POINT(-122.43 37.73)",
    "dummy:geopoint:POINT(-117.14 32.75)",
    "dummy:geopoint:POINT(-122.26 37.77)",
    "dummy:geopoint:POINT(-122.41 37.75)",
    "dummy:geopoint:POINT(-122.42 37.74)",
    "dummy:geopoint:POINT(-122.24 37.8)",
    "dummy:geopoint:POINT(-122.49 37.76)",
    "dummy:geopoint:POINT(-122.21 37.78)",
    "dummy:geopoint:POINT(-122.47 37.78)",
    "dummy:geopoint:POINT(-118.31 34.05)",
    "dummy:geopoint:POINT(-118.35 34.04)",
    "dummy:geopoint:POINT(-122.44 37.8)",
    "dummy:geopoint:POINT(-118.32 34.09)",
    "dummy:geopoint:POINT(-118.28 33.93)",
    "dummy:geopoint:POINT(-122.27 37.85)",
    "dummy:geopoint:POINT(-118.37 34.16)",
    "dummy:geopoint:POINT(-118.27 34.07)",
    "dummy:geopoint:POINT(-118.19 33.78)",
    "dummy:geopoint:POINT(-122.24 37.79)",
    "dummy:geopoint:POINT(-118.41 34.02)",
    "dummy:geopoint:POINT(-118.16 34.02)",
    "dummy:geopoint:POINT(-118.26 34.08)",
    "dummy:geopoint:POINT(-122.21 37.8)",
    "dummy:geopoint:POINT(-122.24 37.81)",
    "dummy:geopoint:POINT(-122.49 37.75)",
    "dummy:geopoint:POINT(-122.5 37.74)",
    "dummy:geopoint:POINT(-118.3 34.06)",
    "dummy:geopoint:POINT(-118.29 34.04)",
    "dummy:geopoint:POINT(-118.37 34.07)",
    "dummy:geopoint:POINT(-118.35 33.9)",
    "dummy:geopoint:POINT(-122.29 37.81)",
    "dummy:geopoint:POINT(-118.27 34.06)",
    "dummy:geopoint:POINT(-122.43 37.75)",
    "dummy:geopoint:POINT(-122.3 37.81)",
    "dummy:geopoint:POINT(-118.14 33.86)",
    "dummy:geopoint:POINT(-118.31 34.09)",
    "dummy:geopoint:POINT(-118.31 33.94)",
    "dummy:geopoint:POINT(-117.93 33.85)",
    "dummy:geopoint:POINT(-122.08 37.63)",
    "dummy:geopoint:POINT(-117.91 33.84)",
    "dummy:geopoint:POINT(-118.22 33.9)",
    "dummy:geopoint:POINT(-118.31 33.73)",
    "dummy:geopoint:POINT(-122.23 37.79)",
    "dummy:geopoint:POINT(-117.13 32.75)",
    "dummy:geopoint:POINT(-118.32 34.1)",
    "dummy:geopoint:POINT(-118.23 33.91)",
    "dummy:geopoint:POINT(-118.35 33.97)",
    "dummy:geopoint:POINT(-118.27 33.94)",
    "dummy:geopoint:POINT(-118.24 34.14)",
    "dummy:geopoint:POINT(-122.28 37.85)",
    "dummy:geopoint:POINT(-118.17 33.77)",
    "dummy:geopoint:POINT(-118.37 34.09)",
    "dummy:geopoint:POINT(-118.21 34.04)",
    "dummy:geopoint:POINT(-118.22 33.98)",
    "dummy:geopoint:POINT(-117.13 32.7)",
    "dummy:geopoint:POINT(-118.41 34)",
    "dummy:geopoint:POINT(-118.25 34.02)",
    "dummy:geopoint:POINT(-118.29 33.98)",
    "dummy:geopoint:POINT(-118.12 34.06)",
    "dummy:geopoint:POINT(-122.43 37.77)",
    "dummy:geopoint:POINT(-118.32 34.04)",
    "dummy:geopoint:POINT(-118.3 34.02)",
    "dummy:geopoint:POINT(-117.24 32.8)",
    "dummy:geopoint:POINT(-118.2 33.77)",
    "dummy:geopoint:POINT(-118.16 33.78)",
    "dummy:geopoint:POINT(-118.36 33.9)",
    "dummy:geopoint:POINT(-118.39 33.88)",
    "dummy:geopoint:POINT(-118.27 34.16)",
    "dummy:geopoint:POINT(-122.43 37.79)",
    "dummy:geopoint:POINT(-118.11 33.84)",
    "dummy:geopoint:POINT(-117.97 34.05)",
    "dummy:geopoint:POINT(-118.28 34.01)",
    "dummy:geopoint:POINT(-118.28 33.96)",
    "dummy:geopoint:POINT(-118.32 33.91)",
    "dummy:geopoint:POINT(-122.45 37.77)",
    "dummy:geopoint:POINT(-117.16 32.74)",
    "dummy:geopoint:POINT(-122.47 37.75)",
    "dummy:geopoint:POINT(-121.88 37.44)",
    "dummy:geopoint:POINT(-122.42 37.78)",
    "dummy:geopoint:N/A",
    "dummy:geopoint:__Others__",
    "dummy:ocean_proximity:\u003c1H OCEAN",
    "dummy:ocean_proximity:INLAND",
    "dummy:ocean_proximity:NEAR OCEAN",
    "dummy:ocean_proximity:NEAR BAY",
    "dummy:ocean_proximity:ISLAND",
    "dummy:ocean_proximity:N/A",
    "dummy:ocean_proximity:__Others__"
  ]
}