[
    {
        "parameters": {
            "max_features": "auto", 
            "n_estimators": 100, 
            "min_samples_split": 30, 
            "max_depth": 6, 
            "min_samples_leaf": 10
        }, 
        "score_time": 229, 
        "test_score": -58904.53932615961, 
        "fit_time": 10102, 
        "num_samples": 4380, 
        "best_iteration": null, 
        "train_score": -57978.89537303786, 
        "parameter_id": 0, 
        "time": 10331, 
        "done_at": 1587055442065, 
        "grid_point_id": "{\"max_features\": \"auto\", \"n_estimators\": 100, \"min_samples_split\": 30, \"max_depth\": 6, \"min_samples_leaf\": 10}@0"
    }, 
    {
        "parameters": {
            "max_features": "auto", 
            "n_estimators": 100, 
            "min_samples_split": 30, 
            "max_depth": 13, 
            "min_samples_leaf": 10
        }, 
        "score_time": 317, 
        "test_score": -52930.73229388392, 
        "fit_time": 13384, 
        "num_samples": 4380, 
        "best_iteration": null, 
        "train_score": -46293.99217756904, 
        "parameter_id": 1, 
        "time": 13701, 
        "done_at": 1587055445313, 
        "grid_point_id": "{\"max_features\": \"auto\", \"n_estimators\": 100, \"min_samples_split\": 30, \"max_depth\": 13, \"min_samples_leaf\": 10}@0"
    }, 
    {
        "parameters": {
            "max_features": "auto", 
            "n_estimators": 100, 
            "min_samples_split": 30, 
            "max_depth": 13, 
            "min_samples_leaf": 10
        }, 
        "score_time": 597, 
        "test_score": -55974.32398309847, 
        "fit_time": 13536, 
        "num_samples": 4379, 
        "best_iteration": null, 
        "train_score": -44762.994230755074, 
        "parameter_id": 1, 
        "time": 14133, 
        "done_at": 1587055445799, 
        "grid_point_id": "{\"max_features\": \"auto\", \"n_estimators\": 100, \"min_samples_split\": 30, \"max_depth\": 13, \"min_samples_leaf\": 10}@1"
    }, 
    {
        "parameters": {
            "max_features": "auto", 
            "n_estimators": 100, 
            "min_samples_split": 30, 
            "max_depth": 13, 
            "min_samples_leaf": 10
        }, 
        "score_time": 562, 
        "test_score": -54033.982248561886, 
        "fit_time": 13527, 
        "num_samples": 4379, 
        "best_iteration": null, 
        "train_score": -45225.20930770916, 
        "parameter_id": 1, 
        "time": 14089, 
        "done_at": 1587055445759, 
        "grid_point_id": "{\"max_features\": \"auto\", \"n_estimators\": 100, \"min_samples_split\": 30, \"max_depth\": 13, \"min_samples_leaf\": 10}@2"
    }, 
    {
        "parameters": {
            "max_features": "auto", 
            "n_estimators": 100, 
            "min_samples_split": 30, 
            "max_depth": 6, 
            "min_samples_leaf": 10
        }, 
        "score_time": 140, 
        "test_score": -62618.4131949516, 
        "fit_time": 7725, 
        "num_samples": 4379, 
        "best_iteration": null, 
        "train_score": -56930.028899692064, 
        "parameter_id": 0, 
        "time": 7865, 
        "done_at": 1587055449938, 
        "grid_point_id": "{\"max_features\": \"auto\", \"n_estimators\": 100, \"min_samples_split\": 30, \"max_depth\": 6, \"min_samples_leaf\": 10}@1"
    }, 
    {
        "parameters": {
            "max_features": "auto", 
            "n_estimators": 100, 
            "min_samples_split": 30, 
            "max_depth": 6, 
            "min_samples_leaf": 10
        }, 
        "score_time": 92, 
        "test_score": -60076.766154565514, 
        "fit_time": 5995, 
        "num_samples": 4379, 
        "best_iteration": null, 
        "train_score": -57240.70093209029, 
        "parameter_id": 0, 
        "time": 6087, 
        "done_at": 1587055451411, 
        "grid_point_id": "{\"max_features\": \"auto\", \"n_estimators\": 100, \"min_samples_split\": 30, \"max_depth\": 6, \"min_samples_leaf\": 10}@2"
    }
]