{
    "gridSize": 2, 
    "nThreads": 4, 
    "metric": "RMSE", 
    "gridPoints": [
        {
            "index": 0, 
            "finishedAt": 1587055451411.0, 
            "score": 60533.11558990063, 
            "parameters": {
                "max_features": "auto", 
                "n_estimators": 100, 
                "min_samples_split": 30, 
                "max_depth": 6, 
                "min_samples_leaf": 10
            }, 
            "time": 24283.0
        }, 
        {
            "index": 1, 
            "finishedAt": 1587055445799.0, 
            "score": 54312.90762944529, 
            "parameters": {
                "max_features": "auto", 
                "n_estimators": 100, 
                "min_samples_split": 30, 
                "max_depth": 13, 
                "min_samples_leaf": 10
            }, 
            "time": 41923.0
        }
    ], 
    "startedAt": 1587055431587, 
    "nSplits": 3
}