{
  "steps": [
    {
      "type": "FilterOnNumericalRange",
      "params": {
        "min": 0.6923,
        "max": 7.563,
        "action": "KEEP_ROW",
        "booleanMode": "AND",
        "appliesTo": "SINGLE_COLUMN",
        "columns": [
          "Family_size"
        ]
      },
      "metaType": "PROCESSOR",
      "preview": false,
      "disabled": false,
      "alwaysShowComment": false
    }
  ],
  "maxProcessedMemTableBytes": -1,
  "columnsSelection": {
    "mode": "ALL"
  },
  "columnWidthsByName": {
    "longitude": 113,
    "latitude": 100,
    "housing_median_age": 150,
    "total_rooms": 100,
    "total_bedrooms": 120,
    "population": 100,
    "households": 100,
    "Family_size": 141,
    "median_income": 113,
    "median_house_value": 150,
    "ocean_proximity": 128,
    "geopoint": 155
  },
  "coloring": {
    "scheme": "MEANING_AND_STATUS",
    "individualColumns": [],
    "valueColoringMode": "HASH"
  },
  "sorting": [],
  "analysisColumnData": {},
  "explorationSampling": {
    "selection": {
      "maxStoredBytes": 104857600,
      "filter": {
        "distinct": false,
        "enabled": false
      },
      "partitionSelectionMethod": "ALL",
      "latestPartitionsN": 1,
      "ordering": {
        "enabled": false,
        "rules": []
      },
      "samplingMethod": "HEAD_SEQUENTIAL",
      "maxRecords": 100000,
      "targetRatio": 0.02,
      "withinFirstN": -1,
      "maxReadUncompressedBytes": -1
    },
    "autoRefreshSample": false,
    "_refreshTrigger": 1
  },
  "vizSampling": {
    "autoRefreshSample": false,
    "_refreshTrigger": 0
  },
  "exploreUIParams": {
    "autoRefresh": true
  },
  "globalSearchQuery": "",
  "explorationFilters": [],
  "previewMode": "ALL_ROWS"
}