{
  "state": "DONE",
  "preSearchDescription": {
    "gridLength": 2,
    "importantParams": [
      {
        "name": "trees",
        "vals": [
          "100"
        ]
      },
      {
        "name": "depth",
        "vals": [
          "6",
          "13"
        ]
      },
      {
        "name": "min_samples",
        "vals": [
          "10"
        ]
      }
    ]
  },
  "postSearchDescription": {
    "importantParams": [
      {
        "name": "trees",
        "val": "100"
      },
      {
        "name": "depth",
        "val": "13"
      },
      {
        "name": "min_samples",
        "val": "10"
      }
    ]
  },
  "timeOrderingEnabled": false,
  "sampleWeightsEnabled": false,
  "modelId": "m1",
  "progress": {
    "top_level_todo": [],
    "stack": [],
    "top_level_done": [
      {
        "name": "Loading train set",
        "time": 71
      },
      {
        "name": "Loading test set",
        "time": 23
      },
      {
        "name": "Collecting statistics",
        "time": 32
      },
      {
        "name": "Preprocessing train set",
        "time": 84
      },
      {
        "name": "Preprocessing test set",
        "time": 92
      },
      {
        "name": "Grid searching",
        "time": 20252
      },
      {
        "name": "Fitting model",
        "time": 7530
      },
      {
        "name": "Saving model",
        "time": 46
      },
      {
        "name": "Scoring model",
        "time": 2067
      }
    ]
  },
  "startTime": 1587055431095,
  "endTime": 1587055461296,
  "preprocessingTime": 304,
  "trainingTime": 29897
}