{
  "pages": [
    {
      "id": "V2Vhgvy",
      "grid": {
        "tiles": []
      },
      "showTitle": false
    }
  ],
  "owner": "admin",
  "listed": true,
  "name": "FICO",
  "showGrid": true,
  "versionTag": {
    "versionNumber": 1,
    "lastModifiedBy": {
      "login": "admin"
    },
    "lastModifiedOn": 1586535229873
  },
  "creationTag": {
    "versionNumber": 0,
    "lastModifiedBy": {
      "login": "admin"
    },
    "lastModifiedOn": 1586277491829
  },
  "tags": [],
  "customFields": {},
  "checklists": {
    "checklists": []
  }
}