{
  "state": "DONE",
  "preSearchDescription": {
    "gridLength": 1,
    "importantParams": [
      {
        "name": "trees",
        "vals": [
          "100"
        ]
      },
      {
        "name": "learning_rate",
        "vals": [
          "0.1"
        ]
      },
      {
        "name": "max_depth",
        "vals": [
          "3"
        ]
      }
    ]
  },
  "postSearchDescription": {
    "importantParams": [
      {
        "name": "trees",
        "val": "100"
      },
      {
        "name": "learning_rate",
        "val": "0.1"
      },
      {
        "name": "max_depth",
        "val": "3"
      }
    ]
  },
  "timeOrderingEnabled": false,
  "sampleWeightsEnabled": false,
  "modelId": "m1",
  "progress": {
    "top_level_todo": [],
    "stack": [],
    "top_level_done": [
      {
        "name": "Loading train set",
        "time": 83
      },
      {
        "name": "Loading test set",
        "time": 26
      },
      {
        "name": "Collecting statistics",
        "time": 97
      },
      {
        "name": "Preprocessing train set",
        "time": 123
      },
      {
        "name": "Preprocessing test set",
        "time": 72
      },
      {
        "name": "Fitting model",
        "time": 11464
      },
      {
        "name": "Saving model",
        "time": 47
      },
      {
        "name": "Scoring model",
        "time": 928
      }
    ]
  },
  "startTime": 1587055182591,
  "endTime": 1587055195439,
  "preprocessingTime": 407,
  "trainingTime": 12441
}