{
  "state": "DONE",
  "preSearchDescription": {
    "gridLength": 1,
    "importantParams": []
  },
  "postSearchDescription": {
    "importantParams": []
  },
  "timeOrderingEnabled": false,
  "sampleWeightsEnabled": false,
  "modelId": "m1",
  "progress": {
    "top_level_todo": [],
    "stack": [],
    "top_level_done": [
      {
        "name": "Loading train set",
        "time": 204
      },
      {
        "name": "Loading test set",
        "time": 28
      },
      {
        "name": "Collecting statistics",
        "time": 160
      },
      {
        "name": "Preprocessing train set",
        "time": 155
      },
      {
        "name": "Preprocessing test set",
        "time": 63
      },
      {
        "name": "Fitting model",
        "time": 288
      },
      {
        "name": "Saving model",
        "time": 5
      },
      {
        "name": "Scoring model",
        "time": 211
      }
    ]
  },
  "startTime": 1587055436291,
  "endTime": 1587055437419,
  "preprocessingTime": 617,
  "trainingTime": 511
}