{
    "gridSize": 2, 
    "nThreads": 4, 
    "metric": "RMSE", 
    "gridPoints": [
        {
            "index": 0, 
            "finishedAt": 1587055183875.0, 
            "score": 60491.86667328692, 
            "parameters": {
                "max_features": "auto", 
                "n_estimators": 100, 
                "min_samples_split": 30, 
                "max_depth": 6, 
                "min_samples_leaf": 10
            }, 
            "time": 27892.0
        }, 
        {
            "index": 1, 
            "finishedAt": 1587055194896.0, 
            "score": 54143.65524758105, 
            "parameters": {
                "max_features": "auto", 
                "n_estimators": 100, 
                "min_samples_split": 30, 
                "max_depth": 13, 
                "min_samples_leaf": 10
            }, 
            "time": 34906.0
        }
    ], 
    "startedAt": 1587055174104, 
    "nSplits": 3
}