[
    {
        "parameters": {
            "max_features": "auto", 
            "n_estimators": 100, 
            "min_samples_split": 30, 
            "max_depth": 6, 
            "min_samples_leaf": 10
        }, 
        "score_time": 183, 
        "test_score": -58443.122238424905, 
        "fit_time": 8696, 
        "num_samples": 4392, 
        "best_iteration": null, 
        "train_score": -58087.38352351156, 
        "parameter_id": 0, 
        "time": 8879, 
        "done_at": 1587055182989, 
        "grid_point_id": "{\"max_features\": \"auto\", \"n_estimators\": 100, \"min_samples_split\": 30, \"max_depth\": 6, \"min_samples_leaf\": 10}@0"
    }, 
    {
        "parameters": {
            "max_features": "auto", 
            "n_estimators": 100, 
            "min_samples_split": 30, 
            "max_depth": 6, 
            "min_samples_leaf": 10
        }, 
        "score_time": 320, 
        "test_score": -61070.54650282976, 
        "fit_time": 9089, 
        "num_samples": 4391, 
        "best_iteration": null, 
        "train_score": -57119.312372603745, 
        "parameter_id": 0, 
        "time": 9409, 
        "done_at": 1587055183685, 
        "grid_point_id": "{\"max_features\": \"auto\", \"n_estimators\": 100, \"min_samples_split\": 30, \"max_depth\": 6, \"min_samples_leaf\": 10}@2"
    }, 
    {
        "parameters": {
            "max_features": "auto", 
            "n_estimators": 100, 
            "min_samples_split": 30, 
            "max_depth": 6, 
            "min_samples_leaf": 10
        }, 
        "score_time": 447, 
        "test_score": -61962.0630363086, 
        "fit_time": 9157, 
        "num_samples": 4392, 
        "best_iteration": null, 
        "train_score": -57201.02556708363, 
        "parameter_id": 0, 
        "time": 9604, 
        "done_at": 1587055183875, 
        "grid_point_id": "{\"max_features\": \"auto\", \"n_estimators\": 100, \"min_samples_split\": 30, \"max_depth\": 6, \"min_samples_leaf\": 10}@1"
    }, 
    {
        "parameters": {
            "max_features": "auto", 
            "n_estimators": 100, 
            "min_samples_split": 30, 
            "max_depth": 13, 
            "min_samples_leaf": 10
        }, 
        "score_time": 321, 
        "test_score": -51691.948112444945, 
        "fit_time": 11709, 
        "num_samples": 4392, 
        "best_iteration": null, 
        "train_score": -46801.89686064836, 
        "parameter_id": 1, 
        "time": 12030, 
        "done_at": 1587055186314, 
        "grid_point_id": "{\"max_features\": \"auto\", \"n_estimators\": 100, \"min_samples_split\": 30, \"max_depth\": 13, \"min_samples_leaf\": 10}@0"
    }, 
    {
        "parameters": {
            "max_features": "auto", 
            "n_estimators": 100, 
            "min_samples_split": 30, 
            "max_depth": 13, 
            "min_samples_leaf": 10
        }, 
        "score_time": 158, 
        "test_score": -55681.51984941862, 
        "fit_time": 11519, 
        "num_samples": 4392, 
        "best_iteration": null, 
        "train_score": -45160.674979184114, 
        "parameter_id": 1, 
        "time": 11677, 
        "done_at": 1587055194684, 
        "grid_point_id": "{\"max_features\": \"auto\", \"n_estimators\": 100, \"min_samples_split\": 30, \"max_depth\": 13, \"min_samples_leaf\": 10}@1"
    }, 
    {
        "parameters": {
            "max_features": "auto", 
            "n_estimators": 100, 
            "min_samples_split": 30, 
            "max_depth": 13, 
            "min_samples_leaf": 10
        }, 
        "score_time": 245, 
        "test_score": -55057.84793220062, 
        "fit_time": 10954, 
        "num_samples": 4391, 
        "best_iteration": null, 
        "train_score": -45112.63830719296, 
        "parameter_id": 1, 
        "time": 11199, 
        "done_at": 1587055194896, 
        "grid_point_id": "{\"max_features\": \"auto\", \"n_estimators\": 100, \"min_samples_split\": 30, \"max_depth\": 13, \"min_samples_leaf\": 10}@2"
    }
]