{
  "state": "DONE",
  "preSearchDescription": {
    "gridLength": 2,
    "importantParams": [
      {
        "name": "trees",
        "vals": [
          "100"
        ]
      },
      {
        "name": "depth",
        "vals": [
          "6",
          "13"
        ]
      },
      {
        "name": "min_samples",
        "vals": [
          "10"
        ]
      }
    ]
  },
  "postSearchDescription": {
    "importantParams": [
      {
        "name": "trees",
        "val": "100"
      },
      {
        "name": "depth",
        "val": "13"
      },
      {
        "name": "min_samples",
        "val": "10"
      }
    ]
  },
  "timeOrderingEnabled": false,
  "sampleWeightsEnabled": false,
  "modelId": "m1",
  "progress": {
    "top_level_todo": [],
    "stack": [],
    "top_level_done": [
      {
        "name": "Loading train set",
        "time": 55
      },
      {
        "name": "Loading test set",
        "time": 17
      },
      {
        "name": "Collecting statistics",
        "time": 40
      },
      {
        "name": "Preprocessing train set",
        "time": 201
      },
      {
        "name": "Preprocessing test set",
        "time": 83
      },
      {
        "name": "Grid searching",
        "time": 21225
      },
      {
        "name": "Fitting model",
        "time": 8643
      },
      {
        "name": "Saving model",
        "time": 45
      },
      {
        "name": "Scoring model",
        "time": 1720
      }
    ]
  },
  "startTime": 1587055173569,
  "endTime": 1587055205613,
  "preprocessingTime": 407,
  "trainingTime": 31637
}