{
  "inputDatasetSmartName": "historic_clean",
  "script": {
    "steps": [
      {
        "type": "FilterOnNumericalRange",
        "params": {
          "min": 0.6923,
          "max": 7.563,
          "action": "KEEP_ROW",
          "booleanMode": "AND",
          "appliesTo": "SINGLE_COLUMN",
          "columns": [
            "Family_size"
          ]
        },
        "metaType": "PROCESSOR",
        "preview": false,
        "disabled": false,
        "alwaysShowComment": false
      }
    ],
    "maxProcessedMemTableBytes": -1,
    "columnsSelection": {
      "mode": "ALL"
    },
    "columnWidthsByName": {
      "longitude": 113,
      "latitude": 100,
      "housing_median_age": 150,
      "total_rooms": 100,
      "total_bedrooms": 120,
      "population": 100,
      "households": 100,
      "Family_size": 141,
      "median_income": 113,
      "median_house_value": 150,
      "ocean_proximity": 128,
      "geopoint": 155
    },
    "coloring": {
      "scheme": "MEANING_AND_STATUS",
      "individualColumns": [],
      "valueColoringMode": "HASH"
    },
    "sorting": [
      {
        "column": "Family_size",
        "ascending": false
      }
    ],
    "analysisColumnData": {},
    "explorationSampling": {
      "selection": {
        "maxStoredBytes": 104857600,
        "filter": {
          "distinct": false,
          "enabled": false
        },
        "partitionSelectionMethod": "ALL",
        "latestPartitionsN": 1,
        "ordering": {
          "enabled": false,
          "rules": []
        },
        "samplingMethod": "HEAD_SEQUENTIAL",
        "maxRecords": 100000,
        "targetRatio": 0.02,
        "withinFirstN": -1,
        "maxReadUncompressedBytes": -1
      },
      "autoRefreshSample": false,
      "_refreshTrigger": 1
    },
    "vizSampling": {
      "autoRefreshSample": false,
      "_refreshTrigger": 0
    },
    "exploreUIParams": {
      "autoRefresh": true
    },
    "globalSearchQuery": "",
    "explorationFilters": [],
    "previewMode": "ALL_ROWS"
  },
  "charts": [
    {
      "copySelectionFromScript": true,
      "def": {
        "type": "grouped_columns",
        "variant": "normal",
        "name": "New chart",
        "userEditedName": false,
        "genericDimension0": [],
        "genericDimension1": [],
        "facetDimension": [],
        "animationDimension": [],
        "genericMeasures": [],
        "xDimension": [],
        "yDimension": [],
        "uaXDimension": [],
        "uaYDimension": [],
        "uaSize": [],
        "uaShape": [],
        "uaColor": [],
        "uaTooltip": [],
        "groupDimension": [],
        "xMeasure": [],
        "yMeasure": [],
        "colorMeasure": [],
        "sizeMeasure": [],
        "geometry": [],
        "tooltipMeasures": [],
        "boxplotBreakdownDim": [],
        "boxplotValue": [],
        "axis1LogScale": false,
        "axis2LogScale": false,
        "includeZero": true,
        "smoothing": true,
        "showLegend": true,
        "showXAxis": false,
        "showInChartValues": false,
        "showInChartLabels": true,
        "strokeWidth": 1,
        "fillOpacity": 0.6,
        "showXAxisLabel": true,
        "showYAxisLabel": true,
        "hexbinRadius": 20,
        "hexbinNumber": 20,
        "hexbinRadiusMode": "NUM_HEXAGONS",
        "chartHeight": 200,
        "singleXAxis": true,
        "multiTooltips": false,
        "animationFrameDuration": 3000,
        "animationRepeat": true,
        "colorOptions": {
          "singleColor": "#2678B1",
          "transparency": 0.75,
          "colorPalette": "default",
          "ccScaleMode": "NORMAL",
          "customPalette": {
            "id": "__dku_custom__",
            "name": "Custom Palette",
            "colors": [],
            "values": [],
            "fixedValues": false
          },
          "paletteType": "CONTINUOUS",
          "quantizationMode": "NONE",
          "numQuantizeSteps": 5,
          "paletteMiddleValue": 0.0
        },
        "bubblesOptions": {
          "defaultRadius": 5.0,
          "singleShape": "FILLED_CIRCLE"
        },
        "computeMode": "NORMAL",
        "xAxisMode": "NORMAL",
        "yAxisMode": "NORMAL",
        "pieOptions": {
          "donutHoleSize": 54.0
        },
        "scatterOptions": {
          "equalScales": false,
          "identityLine": false
        },
        "mapOptions": {
          "tilesLayer": "cartodb-positron",
          "lockSquareGrid": false
        },
        "mapGridOptions": {
          "gridLonDeg": 0.6,
          "gridLatDeg": 0.6
        },
        "disableSafetyLimits": false,
        "useLiveProcessingIfAvailable": true,
        "legendPlacement": "OUTER_RIGHT"
      }
    }
  ],
  "name": "Quick modeling of median_house_value on historic_clean",
  "versionTag": {
    "versionNumber": 6,
    "lastModifiedBy": {
      "login": "dataiku-admin"
    },
    "lastModifiedOn": 1586983512591
  },
  "creationTag": {
    "versionNumber": 0,
    "lastModifiedBy": {
      "login": "dataiku-admin"
    },
    "lastModifiedOn": 1586979635299
  },
  "tags": [],
  "customFields": {},
  "checklists": {
    "checklists": []
  }
}