[
    {
        "parameters": {
            "alpha": 0.1
        }, 
        "score_time": 2, 
        "test_score": -66979.25209313958, 
        "fit_time": 27, 
        "num_samples": 4379, 
        "best_iteration": null, 
        "train_score": -66226.7381536374, 
        "parameter_id": 0, 
        "time": 29, 
        "done_at": 1587055432015, 
        "grid_point_id": "{\"alpha\": 0.1}@2"
    }, 
    {
        "parameters": {
            "alpha": 3.0
        }, 
        "score_time": 16, 
        "test_score": -93566.49593761023, 
        "fit_time": 111, 
        "num_samples": 4379, 
        "best_iteration": null, 
        "train_score": -91845.28764275592, 
        "parameter_id": 2, 
        "time": 127, 
        "done_at": 1587055431980, 
        "grid_point_id": "{\"alpha\": 3.0}@1"
    }, 
    {
        "parameters": {
            "alpha": 1.0
        }, 
        "score_time": 6, 
        "test_score": -76959.462451239, 
        "fit_time": 326, 
        "num_samples": 4380, 
        "best_iteration": null, 
        "train_score": -78264.88410686176, 
        "parameter_id": 1, 
        "time": 332, 
        "done_at": 1587055431844, 
        "grid_point_id": "{\"alpha\": 1.0}@0"
    }, 
    {
        "parameters": {
            "alpha": 3.0
        }, 
        "score_time": 9, 
        "test_score": -91840.23292156907, 
        "fit_time": 241, 
        "num_samples": 4380, 
        "best_iteration": null, 
        "train_score": -92756.72889469407, 
        "parameter_id": 2, 
        "time": 250, 
        "done_at": 1587055431853, 
        "grid_point_id": "{\"alpha\": 3.0}@0"
    }, 
    {
        "parameters": {
            "alpha": 1.0
        }, 
        "score_time": 17, 
        "test_score": -79318.29413788853, 
        "fit_time": 321, 
        "num_samples": 4379, 
        "best_iteration": null, 
        "train_score": -77128.54461537648, 
        "parameter_id": 1, 
        "time": 338, 
        "done_at": 1587055431851, 
        "grid_point_id": "{\"alpha\": 1.0}@1"
    }, 
    {
        "parameters": {
            "alpha": 0.1
        }, 
        "score_time": 27, 
        "test_score": -65445.62136402712, 
        "fit_time": 98, 
        "num_samples": 4380, 
        "best_iteration": null, 
        "train_score": -67166.8642081327, 
        "parameter_id": 0, 
        "time": 125, 
        "done_at": 1587055431992, 
        "grid_point_id": "{\"alpha\": 0.1}@0"
    }, 
    {
        "parameters": {
            "alpha": 1.0
        }, 
        "score_time": 12, 
        "test_score": -76992.44076905157, 
        "fit_time": 274, 
        "num_samples": 4379, 
        "best_iteration": null, 
        "train_score": -77397.52084093726, 
        "parameter_id": 1, 
        "time": 286, 
        "done_at": 1587055431853, 
        "grid_point_id": "{\"alpha\": 1.0}@2"
    }, 
    {
        "parameters": {
            "alpha": 3.0
        }, 
        "score_time": 17, 
        "test_score": -91541.67880966124, 
        "fit_time": 99, 
        "num_samples": 4379, 
        "best_iteration": null, 
        "train_score": -92144.3923960261, 
        "parameter_id": 2, 
        "time": 116, 
        "done_at": 1587055431979, 
        "grid_point_id": "{\"alpha\": 3.0}@2"
    }, 
    {
        "parameters": {
            "alpha": 0.1
        }, 
        "score_time": 15, 
        "test_score": -68243.28058286213, 
        "fit_time": 97, 
        "num_samples": 4379, 
        "best_iteration": null, 
        "train_score": -65942.13426906832, 
        "parameter_id": 0, 
        "time": 112, 
        "done_at": 1587055431990, 
        "grid_point_id": "{\"alpha\": 0.1}@1"
    }
]