{
    "gridSize": 3, 
    "nThreads": 4, 
    "metric": "RMSE", 
    "gridPoints": [
        {
            "index": 0, 
            "finishedAt": 1587055432015.0, 
            "score": 66889.27478784064, 
            "parameters": {
                "alpha": 0.1
            }, 
            "time": 266.0
        }, 
        {
            "index": 1, 
            "finishedAt": 1587055431853.0, 
            "score": 77756.85131112832, 
            "parameters": {
                "alpha": 1.0
            }, 
            "time": 956.0
        }, 
        {
            "index": 2, 
            "finishedAt": 1587055431980.0, 
            "score": 92316.09966621817, 
            "parameters": {
                "alpha": 3.0
            }, 
            "time": 493.0
        }
    ], 
    "startedAt": 1587055431506, 
    "nSplits": 3
}