{
  "state": "DONE",
  "preSearchDescription": {
    "gridLength": 3,
    "importantParams": [
      {
        "name": "alpha",
        "vals": [
          "0.1",
          "1.0",
          "3.0"
        ]
      }
    ]
  },
  "postSearchDescription": {
    "importantParams": [
      {
        "name": "alpha",
        "val": "0.1"
      }
    ]
  },
  "timeOrderingEnabled": false,
  "sampleWeightsEnabled": false,
  "modelId": "m1",
  "progress": {
    "top_level_todo": [],
    "stack": [],
    "top_level_done": [
      {
        "name": "Loading train set",
        "time": 73
      },
      {
        "name": "Loading test set",
        "time": 22
      },
      {
        "name": "Collecting statistics",
        "time": 31
      },
      {
        "name": "Preprocessing train set",
        "time": 75
      },
      {
        "name": "Preprocessing test set",
        "time": 61
      },
      {
        "name": "Grid searching",
        "time": 1152
      },
      {
        "name": "Fitting model",
        "time": 65
      },
      {
        "name": "Saving model",
        "time": 2
      },
      {
        "name": "Scoring model",
        "time": 133
      }
    ]
  },
  "startTime": 1587055431099,
  "endTime": 1587055432717,
  "preprocessingTime": 264,
  "trainingTime": 1354
}