{
    "per_feature": {
        "households": {
            "stats": {
                "std": 379.7366887436185, 
                "p99": 2039.8899999999976, 
                "min": 3.0, 
                "max": 5189.0, 
                "average": 500.92426548942, 
                "median": 411.0
            }, 
            "missing_impute_with_value": 500.92426548942
        }, 
        "geopoint": {
            "stats": {
                "mostFrequentValue": "POINT(-122.42 37.75)", 
                "leastFrequentValue": "POINT(-122.69 38.27)"
            }, 
            "category_possible_counts": [
                9, 
                8, 
                8, 
                7, 
                7, 
                7, 
                7, 
                7, 
                7, 
                7, 
                7, 
                7, 
                6, 
                6, 
                6, 
                6, 
                6, 
                6, 
                6, 
                6, 
                6, 
                6, 
                6, 
                6, 
                6, 
                6, 
                6, 
                6, 
                6, 
                6, 
                6, 
                6, 
                6, 
                6, 
                6, 
                6, 
                6, 
                6, 
                6, 
                6, 
                5, 
                5, 
                5, 
                5, 
                5, 
                5, 
                5, 
                5, 
                5, 
                5, 
                5, 
                5, 
                5, 
                5, 
                5, 
                5, 
                5, 
                5, 
                5, 
                5, 
                5, 
                5, 
                5, 
                5, 
                5, 
                5, 
                5, 
                5, 
                5, 
                5, 
                5, 
                5, 
                5, 
                5, 
                5, 
                5, 
                5, 
                5, 
                5, 
                5, 
                5, 
                5, 
                5, 
                5, 
                5, 
                5, 
                5, 
                5, 
                5, 
                5, 
                5, 
                5, 
                5, 
                5, 
                5, 
                5, 
                5, 
                5, 
                5, 
                5, 
                5
            ], 
            "category_possible_values": [
                "POINT(-122.42 37.75)", 
                "POINT(-122.42 37.8)", 
                "POINT(-118.26 34.02)", 
                "POINT(-122.41 37.8)", 
                "POINT(-118.28 33.99)", 
                "POINT(-122.44 37.78)", 
                "POINT(-122.46 37.78)", 
                "POINT(-118.47 33.99)", 
                "POINT(-118.19 34.05)", 
                "POINT(-118.26 34.07)", 
                "POINT(-118.29 34.09)", 
                "POINT(-122.42 37.76)", 
                "POINT(-122.28 37.81)", 
                "POINT(-118.2 34.05)", 
                "POINT(-118.36 34.03)", 
                "POINT(-118.36 34.09)", 
                "POINT(-122.47 37.76)", 
                "POINT(-118.32 33.98)", 
                "POINT(-122.41 37.79)", 
                "POINT(-118.19 34.12)", 
                "POINT(-122.44 37.79)", 
                "POINT(-118.31 34.02)", 
                "POINT(-122.43 37.73)", 
                "POINT(-117.14 32.75)", 
                "POINT(-122.26 37.77)", 
                "POINT(-122.41 37.75)", 
                "POINT(-122.42 37.74)", 
                "POINT(-122.24 37.8)", 
                "POINT(-122.49 37.76)", 
                "POINT(-122.21 37.78)", 
                "POINT(-122.47 37.78)", 
                "POINT(-118.31 34.05)", 
                "POINT(-118.35 34.04)", 
                "POINT(-122.44 37.8)", 
                "POINT(-118.32 34.09)", 
                "POINT(-118.28 33.93)", 
                "POINT(-122.27 37.85)", 
                "POINT(-118.37 34.16)", 
                "POINT(-118.27 34.07)", 
                "POINT(-118.19 33.78)", 
                "POINT(-122.24 37.79)", 
                "POINT(-118.41 34.02)", 
                "POINT(-118.16 34.02)", 
                "POINT(-118.26 34.08)", 
                "POINT(-122.21 37.8)", 
                "POINT(-122.24 37.81)", 
                "POINT(-122.49 37.75)", 
                "POINT(-122.5 37.74)", 
                "POINT(-118.3 34.06)", 
                "POINT(-118.29 34.04)", 
                "POINT(-118.37 34.07)", 
                "POINT(-118.35 33.9)", 
                "POINT(-122.29 37.81)", 
                "POINT(-118.27 34.06)", 
                "POINT(-122.43 37.75)", 
                "POINT(-122.3 37.81)", 
                "POINT(-118.14 33.86)", 
                "POINT(-118.31 34.09)", 
                "POINT(-118.31 33.94)", 
                "POINT(-117.93 33.85)", 
                "POINT(-122.08 37.63)", 
                "POINT(-117.91 33.84)", 
                "POINT(-118.22 33.9)", 
                "POINT(-118.31 33.73)", 
                "POINT(-122.23 37.79)", 
                "POINT(-117.13 32.75)", 
                "POINT(-118.32 34.1)", 
                "POINT(-118.23 33.91)", 
                "POINT(-118.35 33.97)", 
                "POINT(-118.27 33.94)", 
                "POINT(-118.24 34.14)", 
                "POINT(-122.28 37.85)", 
                "POINT(-118.17 33.77)", 
                "POINT(-118.37 34.09)", 
                "POINT(-118.21 34.04)", 
                "POINT(-118.22 33.98)", 
                "POINT(-117.13 32.7)", 
                "POINT(-118.41 34)", 
                "POINT(-118.25 34.02)", 
                "POINT(-118.29 33.98)", 
                "POINT(-118.12 34.06)", 
                "POINT(-122.43 37.77)", 
                "POINT(-118.32 34.04)", 
                "POINT(-118.3 34.02)", 
                "POINT(-117.24 32.8)", 
                "POINT(-118.2 33.77)", 
                "POINT(-118.16 33.78)", 
                "POINT(-118.36 33.9)", 
                "POINT(-118.39 33.88)", 
                "POINT(-118.27 34.16)", 
                "POINT(-122.43 37.79)", 
                "POINT(-118.11 33.84)", 
                "POINT(-117.97 34.05)", 
                "POINT(-118.28 34.01)", 
                "POINT(-118.28 33.96)", 
                "POINT(-118.32 33.91)", 
                "POINT(-122.45 37.77)", 
                "POINT(-117.16 32.74)", 
                "POINT(-122.47 37.75)", 
                "POINT(-121.88 37.44)", 
                "POINT(-122.42 37.78)"
            ]
        }, 
        "median_income": {
            "stats": {
                "std": 1.8947133918863837, 
                "p99": 10.580685999999998, 
                "min": 0.4999, 
                "max": 15.0001, 
                "average": 3.856170802253024, 
                "median": 3.51935
            }, 
            "missing_impute_with_value": 3.856170802253024
        }, 
        "ocean_proximity": {
            "stats": {
                "mostFrequentValue": "<1H OCEAN", 
                "leastFrequentValue": "ISLAND"
            }, 
            "category_possible_counts": [
                5851, 
                4158, 
                1680, 
                1446
            ], 
            "category_possible_values": [
                "<1H OCEAN", 
                "INLAND", 
                "NEAR OCEAN", 
                "NEAR BAY"
            ]
        }, 
        "housing_median_age": {
            "stats": {
                "std": 12.552444974093916, 
                "p99": 52.0, 
                "min": 2.0, 
                "max": 52.0, 
                "average": 28.647511036687472, 
                "median": 29.0
            }, 
            "missing_impute_with_value": 28.647511036687472
        }, 
        "longitude": {
            "stats": {
                "std": 1.9958216572656848, 
                "p99": -116.25, 
                "min": -124.3, 
                "max": -114.31, 
                "average": -119.55716623534713, 
                "median": -118.48
            }, 
            "missing_impute_with_value": -119.55716623534713
        }, 
        "total_rooms": {
            "stats": {
                "std": 2148.0437300457534, 
                "p99": 11250.63, 
                "min": 11.0, 
                "max": 37937.0, 
                "average": 2635.7904551682145, 
                "median": 2131.0
            }, 
            "missing_impute_with_value": 2635.7904551682145
        }, 
        "Family_size": {
            "stats": {
                "std": 0.7447151693826601, 
                "p99": 5.234139527704889, 
                "min": 0.6923076923076923, 
                "max": 7.551578947368421, 
                "average": 2.91683277189936, 
                "median": 2.8246561147570963
            }, 
            "missing_impute_with_value": 2.91683277189936
        }, 
        "latitude": {
            "stats": {
                "std": 2.130881569531176, 
                "p99": 40.6, 
                "min": 32.54, 
                "max": 41.95, 
                "average": 35.62018876541347, 
                "median": 34.24
            }, 
            "missing_impute_with_value": 35.62018876541347
        }, 
        "total_bedrooms": {
            "stats": {
                "std": 417.6467519686776, 
                "p99": 2253.189999999995, 
                "min": 3.0, 
                "max": 5471.0, 
                "average": 539.3295367092504, 
                "median": 437.0
            }, 
            "missing_impute_with_value": 539.3295367092504
        }, 
        "population": {
            "stats": {
                "std": 1121.8526879614046, 
                "p99": 5834.819999999989, 
                "min": 8.0, 
                "max": 35682.0, 
                "average": 1426.4980210077638, 
                "median": 1173.0
            }, 
            "missing_impute_with_value": 1426.4980210077638
        }, 
        "median_house_value": {
            "stats": {}
        }
    }, 
    "feature_order": [
        "households", 
        "geopoint", 
        "median_income", 
        "ocean_proximity", 
        "housing_median_age", 
        "longitude", 
        "total_rooms", 
        "Family_size", 
        "latitude", 
        "total_bedrooms", 
        "population", 
        "median_house_value"
    ]
}