[
    {
        "parameters": {
            "max_features": "auto", 
            "n_estimators": 100, 
            "min_samples_split": 30, 
            "max_depth": 6, 
            "min_samples_leaf": 10
        }, 
        "score_time": 73, 
        "test_score": -58904.53932615961, 
        "fit_time": 4965, 
        "num_samples": 4380, 
        "best_iteration": null, 
        "train_score": -57978.89537303786, 
        "parameter_id": 0, 
        "time": 5038, 
        "done_at": 1586980389785, 
        "grid_point_id": "{\"max_features\": \"auto\", \"n_estimators\": 100, \"min_samples_split\": 30, \"max_depth\": 6, \"min_samples_leaf\": 10}@0"
    }, 
    {
        "parameters": {
            "max_features": "auto", 
            "n_estimators": 100, 
            "min_samples_split": 30, 
            "max_depth": 13, 
            "min_samples_leaf": 10
        }, 
        "score_time": 139, 
        "test_score": -54033.982248561886, 
        "fit_time": 6406, 
        "num_samples": 4379, 
        "best_iteration": null, 
        "train_score": -45225.20930770916, 
        "parameter_id": 1, 
        "time": 6545, 
        "done_at": 1586980391289, 
        "grid_point_id": "{\"max_features\": \"auto\", \"n_estimators\": 100, \"min_samples_split\": 30, \"max_depth\": 13, \"min_samples_leaf\": 10}@2"
    }, 
    {
        "parameters": {
            "max_features": "auto", 
            "n_estimators": 100, 
            "min_samples_split": 30, 
            "max_depth": 13, 
            "min_samples_leaf": 10
        }, 
        "score_time": 127, 
        "test_score": -52930.73229388392, 
        "fit_time": 6400, 
        "num_samples": 4380, 
        "best_iteration": null, 
        "train_score": -46293.99217756904, 
        "parameter_id": 1, 
        "time": 6527, 
        "done_at": 1586980391267, 
        "grid_point_id": "{\"max_features\": \"auto\", \"n_estimators\": 100, \"min_samples_split\": 30, \"max_depth\": 13, \"min_samples_leaf\": 10}@0"
    }, 
    {
        "parameters": {
            "max_features": "auto", 
            "n_estimators": 100, 
            "min_samples_split": 30, 
            "max_depth": 13, 
            "min_samples_leaf": 10
        }, 
        "score_time": 143, 
        "test_score": -55974.32398309847, 
        "fit_time": 6410, 
        "num_samples": 4379, 
        "best_iteration": null, 
        "train_score": -44762.994230755074, 
        "parameter_id": 1, 
        "time": 6553, 
        "done_at": 1586980391295, 
        "grid_point_id": "{\"max_features\": \"auto\", \"n_estimators\": 100, \"min_samples_split\": 30, \"max_depth\": 13, \"min_samples_leaf\": 10}@1"
    }, 
    {
        "parameters": {
            "max_features": "auto", 
            "n_estimators": 100, 
            "min_samples_split": 30, 
            "max_depth": 6, 
            "min_samples_leaf": 10
        }, 
        "score_time": 71, 
        "test_score": -62618.4131949516, 
        "fit_time": 3318, 
        "num_samples": 4379, 
        "best_iteration": null, 
        "train_score": -56930.028899692064, 
        "parameter_id": 0, 
        "time": 3389, 
        "done_at": 1586980393177, 
        "grid_point_id": "{\"max_features\": \"auto\", \"n_estimators\": 100, \"min_samples_split\": 30, \"max_depth\": 6, \"min_samples_leaf\": 10}@1"
    }, 
    {
        "parameters": {
            "max_features": "auto", 
            "n_estimators": 100, 
            "min_samples_split": 30, 
            "max_depth": 6, 
            "min_samples_leaf": 10
        }, 
        "score_time": 70, 
        "test_score": -60076.766154565514, 
        "fit_time": 3253, 
        "num_samples": 4379, 
        "best_iteration": null, 
        "train_score": -57240.70093209029, 
        "parameter_id": 0, 
        "time": 3323, 
        "done_at": 1586980394593, 
        "grid_point_id": "{\"max_features\": \"auto\", \"n_estimators\": 100, \"min_samples_split\": 30, \"max_depth\": 6, \"min_samples_leaf\": 10}@2"
    }
]