{
    "gridSize": 2, 
    "nThreads": 4, 
    "metric": "RMSE", 
    "gridPoints": [
        {
            "index": 0, 
            "finishedAt": 1586980394593.0, 
            "score": 60533.11558990063, 
            "parameters": {
                "max_features": "auto", 
                "n_estimators": 100, 
                "min_samples_split": 30, 
                "max_depth": 6, 
                "min_samples_leaf": 10
            }, 
            "time": 11750.0
        }, 
        {
            "index": 1, 
            "finishedAt": 1586980391295.0, 
            "score": 54312.99160341048, 
            "parameters": {
                "max_features": "auto", 
                "n_estimators": 100, 
                "min_samples_split": 30, 
                "max_depth": 13, 
                "min_samples_leaf": 10
            }, 
            "time": 19625.0
        }
    ], 
    "startedAt": 1586980384732, 
    "nSplits": 3
}