{
  "state": "DONE",
  "preSearchDescription": {
    "gridLength": 2,
    "importantParams": [
      {
        "name": "trees",
        "vals": [
          "100"
        ]
      },
      {
        "name": "depth",
        "vals": [
          "6",
          "13"
        ]
      },
      {
        "name": "min_samples",
        "vals": [
          "10"
        ]
      }
    ]
  },
  "postSearchDescription": {
    "importantParams": [
      {
        "name": "trees",
        "val": "100"
      },
      {
        "name": "depth",
        "val": "13"
      },
      {
        "name": "min_samples",
        "val": "10"
      }
    ]
  },
  "timeOrderingEnabled": false,
  "sampleWeightsEnabled": false,
  "modelId": "m1",
  "progress": {
    "top_level_todo": [],
    "stack": [],
    "top_level_done": [
      {
        "name": "Loading train set",
        "time": 43
      },
      {
        "name": "Loading test set",
        "time": 14
      },
      {
        "name": "Collecting statistics",
        "time": 26
      },
      {
        "name": "Preprocessing train set",
        "time": 45
      },
      {
        "name": "Preprocessing test set",
        "time": 23
      },
      {
        "name": "Grid searching",
        "time": 10035
      },
      {
        "name": "Fitting model",
        "time": 7269
      },
      {
        "name": "Saving model",
        "time": 28
      },
      {
        "name": "Scoring model",
        "time": 1565
      }
    ]
  },
  "startTime": 1586980384561,
  "endTime": 1586980403613,
  "preprocessingTime": 154,
  "trainingTime": 18898
}