{
  "pages": [
    {
      "id": "kMmya40",
      "grid": {
        "tiles": [
          {
            "tileType": "INSIGHT",
            "box": {
              "top": 0,
              "left": 0,
              "width": 12,
              "height": 7
            },
            "clickAction": "DO_NOTHING",
            "tileParams": {},
            "autoLoad": true,
            "showTitle": "YES",
            "insightId": "QvBAR8S",
            "insightType": "article",
            "displayMode": "INSIGHT",
            "resizeImageMode": "FIT_SIZE"
          }
        ]
      },
      "title": "Introduction",
      "showTitle": false
    },
    {
      "id": "JOIEnSD",
      "grid": {
        "tiles": [
          {
            "tileType": "INSIGHT",
            "box": {
              "top": 1,
              "left": 0,
              "width": 6,
              "height": 4
            },
            "clickAction": "OPEN_INSIGHT",
            "tileParams": {
              "showXAxis": true,
              "showYAxis": true,
              "showLegend": false,
              "showTooltips": true,
              "autoPlayAnimation": true
            },
            "autoLoad": true,
            "showTitle": "YES",
            "insightId": "jf5tNdH",
            "insightType": "chart",
            "displayMode": "INSIGHT",
            "resizeImageMode": "FIT_SIZE"
          },
          {
            "tileType": "TEXT",
            "box": {
              "top": 0,
              "left": 0,
              "width": 12,
              "height": 1
            },
            "clickAction": "DO_NOTHING",
            "tileParams": {
              "text": "# Exploratory Analysis",
              "textAlign": "CENTER",
              "isTransparent": false
            },
            "autoLoad": true,
            "showTitle": "NO",
            "displayMode": "INSIGHT",
            "resizeImageMode": "FIT_SIZE"
          },
          {
            "tileType": "INSIGHT",
            "box": {
              "top": 1,
              "left": 6,
              "width": 6,
              "height": 4
            },
            "clickAction": "OPEN_INSIGHT",
            "tileParams": {
              "showXAxis": true,
              "showYAxis": true,
              "showLegend": false,
              "showTooltips": true,
              "autoPlayAnimation": true
            },
            "autoLoad": true,
            "showTitle": "YES",
            "insightId": "Gq2rfAo",
            "insightType": "chart",
            "displayMode": "INSIGHT",
            "resizeImageMode": "FIT_SIZE"
          },
          {
            "tileType": "TEXT",
            "box": {
              "top": 5,
              "left": 0,
              "width": 12,
              "height": 1
            },
            "clickAction": "DO_NOTHING",
            "tileParams": {
              "text": "# Model Interpretation",
              "textAlign": "CENTER",
              "isTransparent": false
            },
            "autoLoad": true,
            "showTitle": "NO",
            "displayMode": "INSIGHT",
            "resizeImageMode": "FIT_SIZE"
          },
          {
            "tileType": "INSIGHT",
            "box": {
              "top": 6,
              "left": 0,
              "width": 3,
              "height": 2
            },
            "clickAction": "DO_NOTHING",
            "tileParams": {
              "displayMode": "summary"
            },
            "autoLoad": true,
            "showTitle": "YES",
            "insightId": "Se271lV",
            "insightType": "saved-model_report",
            "displayMode": "INSIGHT",
            "resizeImageMode": "FIT_SIZE"
          },
          {
            "tileType": "INSIGHT",
            "box": {
              "top": 6,
              "left": 3,
              "width": 5,
              "height": 4
            },
            "clickAction": "DO_NOTHING",
            "tileParams": {
              "displayMode": "r_scatter"
            },
            "autoLoad": true,
            "showTitle": "YES",
            "insightId": "XpCWC0L",
            "insightType": "saved-model_report",
            "displayMode": "INSIGHT",
            "resizeImageMode": "FIT_SIZE"
          },
          {
            "tileType": "INSIGHT",
            "box": {
              "top": 6,
              "left": 8,
              "width": 4,
              "height": 4
            },
            "clickAction": "DO_NOTHING",
            "tileParams": {
              "displayMode": "r_detailed_metrics"
            },
            "autoLoad": true,
            "showTitle": "YES",
            "insightId": "5UyVlGS",
            "insightType": "saved-model_report",
            "displayMode": "INSIGHT",
            "resizeImageMode": "FIT_SIZE"
          }
        ]
      },
      "title": "Analysis \u0026 Model Performance",
      "showTitle": false
    },
    {
      "id": "eVoMAXr",
      "grid": {
        "tiles": [
          {
            "tileType": "TEXT",
            "box": {
              "top": 0,
              "left": 0,
              "width": 4,
              "height": 1
            },
            "clickAction": "DO_NOTHING",
            "tileParams": {
              "text": "# Alert\n\nSome of the observations we had to score are falling out of the proper interval defined by the team at the Family_size level. We might to have a closer look at the following to avoid suspicions.  \nFor your convenience, these observations have not been scored.",
              "textAlign": "CENTER",
              "isTransparent": false
            },
            "autoLoad": true,
            "showTitle": "NO",
            "displayMode": "INSIGHT",
            "resizeImageMode": "FIT_SIZE"
          },
          {
            "tileType": "INSIGHT",
            "box": {
              "top": 1,
              "left": 0,
              "width": 4,
              "height": 3
            },
            "clickAction": "OPEN_INSIGHT",
            "tileParams": {
              "showName": true,
              "showDescription": true,
              "showCustomFields": true,
              "showStorageType": false,
              "showMeaning": false,
              "showProgressBar": false
            },
            "autoLoad": true,
            "showTitle": "YES",
            "insightId": "tqVKeHM",
            "insightType": "dataset_table",
            "displayMode": "INSIGHT",
            "resizeImageMode": "FIT_SIZE"
          }
        ]
      },
      "title": "Alerting The Team",
      "showTitle": false
    }
  ],
  "owner": "dataiku-admin",
  "listed": true,
  "name": "House Pricing Admins\u0027s default dashboard",
  "showGrid": true,
  "versionTag": {
    "versionNumber": 15,
    "lastModifiedBy": {
      "login": "dataiku-admin"
    },
    "lastModifiedOn": 1586984578174
  },
  "creationTag": {
    "versionNumber": 0,
    "lastModifiedBy": {
      "login": "dataiku-admin"
    },
    "lastModifiedOn": 1586783541962
  },
  "tags": [],
  "customFields": {},
  "checklists": {
    "checklists": []
  }
}