{
    "per_feature": {
        "households": {
            "stats": {
                "std": 379.6935018765028, 
                "p99": 2038.7800000000007, 
                "min": 1.0, 
                "max": 5189.0, 
                "average": 500.02641366223907, 
                "median": 411.0
            }, 
            "missing_impute_with_value": 500.02641366223907
        }, 
        "geopoint": {
            "stats": {
                "mostFrequentValue": "POINT(-122.42 37.75)", 
                "leastFrequentValue": "POINT(-122.12 37.29)"
            }, 
            "category_possible_counts": [
                9, 
                8, 
                8, 
                7, 
                7, 
                7, 
                7, 
                7, 
                7, 
                7, 
                7, 
                7, 
                6, 
                6, 
                6, 
                6, 
                6, 
                6, 
                6, 
                6, 
                6, 
                6, 
                6, 
                6, 
                6, 
                6, 
                6, 
                6, 
                6, 
                6, 
                6, 
                6, 
                6, 
                6, 
                6, 
                6, 
                6, 
                6, 
                6, 
                6, 
                5, 
                5, 
                5, 
                5, 
                5, 
                5, 
                5, 
                5, 
                5, 
                5, 
                5, 
                5, 
                5, 
                5, 
                5, 
                5, 
                5, 
                5, 
                5, 
                5, 
                5, 
                5, 
                5, 
                5, 
                5, 
                5, 
                5, 
                5, 
                5, 
                5, 
                5, 
                5, 
                5, 
                5, 
                5, 
                5, 
                5, 
                5, 
                5, 
                5, 
                5, 
                5, 
                5, 
                5, 
                5, 
                5, 
                5, 
                5, 
                5, 
                5, 
                5, 
                5, 
                5, 
                5, 
                5, 
                5, 
                5, 
                5, 
                5, 
                5, 
                5
            ], 
            "category_possible_values": [
                "POINT(-122.42 37.75)", 
                "POINT(-118.26 34.02)", 
                "POINT(-122.42 37.8)", 
                "POINT(-122.42 37.76)", 
                "POINT(-118.28 33.99)", 
                "POINT(-118.29 34.09)", 
                "POINT(-122.46 37.78)", 
                "POINT(-118.26 34.07)", 
                "POINT(-118.47 33.99)", 
                "POINT(-122.41 37.8)", 
                "POINT(-122.44 37.78)", 
                "POINT(-118.19 34.05)", 
                "POINT(-122.44 37.79)", 
                "POINT(-118.19 33.78)", 
                "POINT(-122.41 37.75)", 
                "POINT(-118.27 34.07)", 
                "POINT(-118.36 34.03)", 
                "POINT(-118.19 34.12)", 
                "POINT(-122.42 37.74)", 
                "POINT(-118.32 34.09)", 
                "POINT(-122.21 37.78)", 
                "POINT(-118.2 34.05)", 
                "POINT(-122.27 37.85)", 
                "POINT(-122.28 37.81)", 
                "POINT(-122.44 37.8)", 
                "POINT(-118.32 33.98)", 
                "POINT(-122.26 37.77)", 
                "POINT(-122.47 37.78)", 
                "POINT(-118.37 34.16)", 
                "POINT(-118.31 34.05)", 
                "POINT(-122.47 37.76)", 
                "POINT(-118.36 34.09)", 
                "POINT(-122.49 37.76)", 
                "POINT(-122.43 37.73)", 
                "POINT(-122.24 37.8)", 
                "POINT(-118.28 33.93)", 
                "POINT(-118.31 34.02)", 
                "POINT(-118.35 34.04)", 
                "POINT(-122.41 37.79)", 
                "POINT(-117.14 32.75)", 
                "POINT(-118.41 34.02)", 
                "POINT(-117.13 32.7)", 
                "POINT(-118.17 33.77)", 
                "POINT(-118.22 33.98)", 
                "POINT(-122.5 37.74)", 
                "POINT(-117.13 32.75)", 
                "POINT(-118.29 33.98)", 
                "POINT(-118.35 33.97)", 
                "POINT(-118.29 34.04)", 
                "POINT(-118.32 34.1)", 
                "POINT(-118.22 33.9)", 
                "POINT(-118.3 34.06)", 
                "POINT(-118.28 33.96)", 
                "POINT(-118.23 33.91)", 
                "POINT(-122.3 37.81)", 
                "POINT(-118.21 34.04)", 
                "POINT(-118.28 34.01)", 
                "POINT(-122.49 37.75)", 
                "POINT(-122.24 37.79)", 
                "POINT(-122.21 37.8)", 
                "POINT(-118.31 33.94)", 
                "POINT(-118.14 33.86)", 
                "POINT(-118.24 34.14)", 
                "POINT(-118.16 34.02)", 
                "POINT(-118.31 34.09)", 
                "POINT(-122.43 37.75)", 
                "POINT(-118.31 33.73)", 
                "POINT(-122.23 37.79)", 
                "POINT(-122.29 37.81)", 
                "POINT(-118.27 34.06)", 
                "POINT(-118.26 34.08)", 
                "POINT(-117.16 32.74)", 
                "POINT(-122.44 37.75)", 
                "POINT(-122.42 37.78)", 
                "POINT(-118.3 34.02)", 
                "POINT(-118.4 33.87)", 
                "POINT(-122.47 37.75)", 
                "POINT(-118.32 33.91)", 
                "POINT(-122.24 37.81)", 
                "POINT(-117.91 33.84)", 
                "POINT(-118.27 33.94)", 
                "POINT(-118.16 33.78)", 
                "POINT(-122.43 37.77)", 
                "POINT(-118.12 34.06)", 
                "POINT(-118.06 33.98)", 
                "POINT(-122.49 37.78)", 
                "POINT(-118.35 33.9)", 
                "POINT(-117.09 32.76)", 
                "POINT(-118.25 34.02)", 
                "POINT(-118.36 33.9)", 
                "POINT(-118.39 33.88)", 
                "POINT(-122.43 37.79)", 
                "POINT(-122.43 37.78)", 
                "POINT(-118.32 34.04)", 
                "POINT(-122.45 37.77)", 
                "POINT(-118.37 34.07)", 
                "POINT(-118.27 34.16)", 
                "POINT(-122.28 37.85)", 
                "POINT(-117.97 34.05)", 
                "POINT(-122.08 37.63)", 
                "POINT(-118.11 33.84)"
            ]
        }, 
        "median_income": {
            "stats": {
                "std": 1.8991459793721857, 
                "p99": 10.600470000000005, 
                "min": 0.4999, 
                "max": 15.0001, 
                "average": 3.8565676356736405, 
                "median": 3.5189
            }, 
            "missing_impute_with_value": 3.8565676356736405
        }, 
        "ocean_proximity": {
            "stats": {
                "mostFrequentValue": "<1H OCEAN", 
                "leastFrequentValue": "ISLAND"
            }, 
            "category_possible_counts": [
                5862, 
                4172, 
                1687, 
                1451
            ], 
            "category_possible_values": [
                "<1H OCEAN", 
                "INLAND", 
                "NEAR OCEAN", 
                "NEAR BAY"
            ]
        }, 
        "housing_median_age": {
            "stats": {
                "std": 12.564525198751227, 
                "p99": 52.0, 
                "min": 2.0, 
                "max": 52.0, 
                "average": 28.654876660341557, 
                "median": 29.0
            }, 
            "missing_impute_with_value": 28.654876660341557
        }, 
        "longitude": {
            "stats": {
                "std": 1.995748187798712, 
                "p99": -116.25, 
                "min": -124.3, 
                "max": -114.31, 
                "average": -119.55863529411694, 
                "median": -118.48
            }, 
            "missing_impute_with_value": -119.55863529411694
        }, 
        "total_rooms": {
            "stats": {
                "std": 2147.59201309451, 
                "p99": 11250.26, 
                "min": 8.0, 
                "max": 37937.0, 
                "average": 2630.746944971537, 
                "median": 2127.0
            }, 
            "missing_impute_with_value": 2630.746944971537
        }, 
        "Family_size": {
            "stats": {
                "std": 11.872420818509998, 
                "p99": 5.418390151515153, 
                "min": 0.6923076923076923, 
                "max": 1243.3333333333333, 
                "average": 3.097703812201104, 
                "median": 2.8271604938271606
            }, 
            "missing_impute_with_value": 3.097703812201104
        }, 
        "latitude": {
            "stats": {
                "std": 2.1306939059058845, 
                "p99": 40.6, 
                "min": 32.54, 
                "max": 41.95, 
                "average": 35.621493738140586, 
                "median": 34.24
            }, 
            "missing_impute_with_value": 35.621493738140586
        }, 
        "total_bedrooms": {
            "stats": {
                "std": 417.5772385187247, 
                "p99": 2251.100000000002, 
                "min": 1.0, 
                "max": 5471.0, 
                "average": 538.3530043741846, 
                "median": 436.0
            }, 
            "missing_impute_with_value": 538.3530043741846
        }, 
        "population": {
            "stats": {
                "std": 1127.4876122988162, 
                "p99": 6000.52, 
                "min": 8.0, 
                "max": 35682.0, 
                "average": 1429.7278937381404, 
                "median": 1174.0
            }, 
            "missing_impute_with_value": 1429.7278937381404
        }, 
        "median_house_value": {
            "stats": {}
        }
    }, 
    "feature_order": [
        "households", 
        "geopoint", 
        "median_income", 
        "ocean_proximity", 
        "housing_median_age", 
        "longitude", 
        "total_rooms", 
        "Family_size", 
        "latitude", 
        "total_bedrooms", 
        "population", 
        "median_house_value"
    ]
}