{
    "details": {
        "geopoint": {
            "levels": [
                "POINT(-122.42 37.75)", 
                "POINT(-118.26 34.02)", 
                "POINT(-122.42 37.8)", 
                "POINT(-122.42 37.76)", 
                "POINT(-118.28 33.99)", 
                "POINT(-118.29 34.09)", 
                "POINT(-122.46 37.78)", 
                "POINT(-118.26 34.07)", 
                "POINT(-118.47 33.99)", 
                "POINT(-122.41 37.8)", 
                "POINT(-122.44 37.78)", 
                "POINT(-118.19 34.05)", 
                "POINT(-122.44 37.79)", 
                "POINT(-118.19 33.78)", 
                "POINT(-122.41 37.75)", 
                "POINT(-118.27 34.07)", 
                "POINT(-118.36 34.03)", 
                "POINT(-118.19 34.12)", 
                "POINT(-122.42 37.74)", 
                "POINT(-118.32 34.09)", 
                "POINT(-122.21 37.78)", 
                "POINT(-118.2 34.05)", 
                "POINT(-122.27 37.85)", 
                "POINT(-122.28 37.81)", 
                "POINT(-122.44 37.8)", 
                "POINT(-118.32 33.98)", 
                "POINT(-122.26 37.77)", 
                "POINT(-122.47 37.78)", 
                "POINT(-118.37 34.16)", 
                "POINT(-118.31 34.05)", 
                "POINT(-122.47 37.76)", 
                "POINT(-118.36 34.09)", 
                "POINT(-122.49 37.76)", 
                "POINT(-122.43 37.73)", 
                "POINT(-122.24 37.8)", 
                "POINT(-118.28 33.93)", 
                "POINT(-118.31 34.02)", 
                "POINT(-118.35 34.04)", 
                "POINT(-122.41 37.79)", 
                "POINT(-117.14 32.75)", 
                "POINT(-118.41 34.02)", 
                "POINT(-117.13 32.7)", 
                "POINT(-118.17 33.77)", 
                "POINT(-118.22 33.98)", 
                "POINT(-122.5 37.74)", 
                "POINT(-117.13 32.75)", 
                "POINT(-118.29 33.98)", 
                "POINT(-118.35 33.97)", 
                "POINT(-118.29 34.04)", 
                "POINT(-118.32 34.1)", 
                "POINT(-118.22 33.9)", 
                "POINT(-118.3 34.06)", 
                "POINT(-118.28 33.96)", 
                "POINT(-118.23 33.91)", 
                "POINT(-122.3 37.81)", 
                "POINT(-118.21 34.04)", 
                "POINT(-118.28 34.01)", 
                "POINT(-122.49 37.75)", 
                "POINT(-122.24 37.79)", 
                "POINT(-122.21 37.8)", 
                "POINT(-118.31 33.94)", 
                "POINT(-118.14 33.86)", 
                "POINT(-118.24 34.14)", 
                "POINT(-118.16 34.02)", 
                "POINT(-118.31 34.09)", 
                "POINT(-122.43 37.75)", 
                "POINT(-118.31 33.73)", 
                "POINT(-122.23 37.79)", 
                "POINT(-122.29 37.81)", 
                "POINT(-118.27 34.06)", 
                "POINT(-118.26 34.08)", 
                "POINT(-117.16 32.74)", 
                "POINT(-122.44 37.75)", 
                "POINT(-122.42 37.78)", 
                "POINT(-118.3 34.02)", 
                "POINT(-118.4 33.87)", 
                "POINT(-122.47 37.75)", 
                "POINT(-118.32 33.91)", 
                "POINT(-122.24 37.81)", 
                "POINT(-117.91 33.84)", 
                "POINT(-118.27 33.94)", 
                "POINT(-118.16 33.78)", 
                "POINT(-122.43 37.77)", 
                "POINT(-118.12 34.06)", 
                "POINT(-118.06 33.98)", 
                "POINT(-122.49 37.78)", 
                "POINT(-118.35 33.9)", 
                "POINT(-117.09 32.76)", 
                "POINT(-118.25 34.02)", 
                "POINT(-118.36 33.9)", 
                "POINT(-118.39 33.88)", 
                "POINT(-122.43 37.79)", 
                "POINT(-122.43 37.78)", 
                "POINT(-118.32 34.04)", 
                "POINT(-122.45 37.77)", 
                "POINT(-118.37 34.07)", 
                "POINT(-118.27 34.16)", 
                "POINT(-122.28 37.85)", 
                "POINT(-117.97 34.05)", 
                "POINT(-122.08 37.63)", 
                "POINT(-118.11 33.84)"
            ], 
            "with_others": false
        }, 
        "ocean_proximity": {
            "levels": [
                "<1H OCEAN", 
                "INLAND", 
                "NEAR OCEAN", 
                "NEAR BAY"
            ], 
            "with_others": false
        }
    }
}