{
    "gridSize": 2, 
    "nThreads": 4, 
    "metric": "RMSE", 
    "gridPoints": [
        {
            "index": 0, 
            "finishedAt": 1587055339660.0, 
            "score": 60491.86667328692, 
            "parameters": {
                "max_features": "auto", 
                "n_estimators": 100, 
                "min_samples_split": 30, 
                "max_depth": 6, 
                "min_samples_leaf": 10
            }, 
            "time": 28194.0
        }, 
        {
            "index": 1, 
            "finishedAt": 1587055347653.0, 
            "score": 54143.95806137514, 
            "parameters": {
                "max_features": "auto", 
                "n_estimators": 100, 
                "min_samples_split": 30, 
                "max_depth": 13, 
                "min_samples_leaf": 10
            }, 
            "time": 29162.0
        }
    ], 
    "startedAt": 1587055329739, 
    "nSplits": 3
}