[
    {
        "parameters": {
            "max_features": "auto", 
            "n_estimators": 100, 
            "min_samples_split": 30, 
            "max_depth": 6, 
            "min_samples_leaf": 10
        }, 
        "score_time": 263, 
        "test_score": -61070.54650282976, 
        "fit_time": 8952, 
        "num_samples": 4391, 
        "best_iteration": null, 
        "train_score": -57119.312372603745, 
        "parameter_id": 0, 
        "time": 9215, 
        "done_at": 1587055339035, 
        "grid_point_id": "{\"max_features\": \"auto\", \"n_estimators\": 100, \"min_samples_split\": 30, \"max_depth\": 6, \"min_samples_leaf\": 10}@2"
    }, 
    {
        "parameters": {
            "max_features": "auto", 
            "n_estimators": 100, 
            "min_samples_split": 30, 
            "max_depth": 6, 
            "min_samples_leaf": 10
        }, 
        "score_time": 183, 
        "test_score": -58443.122238424905, 
        "fit_time": 8954, 
        "num_samples": 4392, 
        "best_iteration": null, 
        "train_score": -58087.38352351156, 
        "parameter_id": 0, 
        "time": 9137, 
        "done_at": 1587055338950, 
        "grid_point_id": "{\"max_features\": \"auto\", \"n_estimators\": 100, \"min_samples_split\": 30, \"max_depth\": 6, \"min_samples_leaf\": 10}@0"
    }, 
    {
        "parameters": {
            "max_features": "auto", 
            "n_estimators": 100, 
            "min_samples_split": 30, 
            "max_depth": 6, 
            "min_samples_leaf": 10
        }, 
        "score_time": 713, 
        "test_score": -61962.0630363086, 
        "fit_time": 9129, 
        "num_samples": 4392, 
        "best_iteration": null, 
        "train_score": -57201.02556708363, 
        "parameter_id": 0, 
        "time": 9842, 
        "done_at": 1587055339660, 
        "grid_point_id": "{\"max_features\": \"auto\", \"n_estimators\": 100, \"min_samples_split\": 30, \"max_depth\": 6, \"min_samples_leaf\": 10}@1"
    }, 
    {
        "parameters": {
            "max_features": "auto", 
            "n_estimators": 100, 
            "min_samples_split": 30, 
            "max_depth": 13, 
            "min_samples_leaf": 10
        }, 
        "score_time": 222, 
        "test_score": -51691.948112444945, 
        "fit_time": 11784, 
        "num_samples": 4392, 
        "best_iteration": null, 
        "train_score": -46801.89686064836, 
        "parameter_id": 1, 
        "time": 12006, 
        "done_at": 1587055341884, 
        "grid_point_id": "{\"max_features\": \"auto\", \"n_estimators\": 100, \"min_samples_split\": 30, \"max_depth\": 13, \"min_samples_leaf\": 10}@0"
    }, 
    {
        "parameters": {
            "max_features": "auto", 
            "n_estimators": 100, 
            "min_samples_split": 30, 
            "max_depth": 13, 
            "min_samples_leaf": 10
        }, 
        "score_time": 121, 
        "test_score": -55681.51984941862, 
        "fit_time": 8575, 
        "num_samples": 4392, 
        "best_iteration": null, 
        "train_score": -45160.674979184114, 
        "parameter_id": 1, 
        "time": 8696, 
        "done_at": 1587055347653, 
        "grid_point_id": "{\"max_features\": \"auto\", \"n_estimators\": 100, \"min_samples_split\": 30, \"max_depth\": 13, \"min_samples_leaf\": 10}@1"
    }, 
    {
        "parameters": {
            "max_features": "auto", 
            "n_estimators": 100, 
            "min_samples_split": 30, 
            "max_depth": 13, 
            "min_samples_leaf": 10
        }, 
        "score_time": 143, 
        "test_score": -55057.84793220062, 
        "fit_time": 8317, 
        "num_samples": 4391, 
        "best_iteration": null, 
        "train_score": -45112.63830719296, 
        "parameter_id": 1, 
        "time": 8460, 
        "done_at": 1587055347502, 
        "grid_point_id": "{\"max_features\": \"auto\", \"n_estimators\": 100, \"min_samples_split\": 30, \"max_depth\": 13, \"min_samples_leaf\": 10}@2"
    }
]