{
  "state": "DONE",
  "preSearchDescription": {
    "gridLength": 2,
    "importantParams": [
      {
        "name": "trees",
        "vals": [
          "100"
        ]
      },
      {
        "name": "depth",
        "vals": [
          "6",
          "13"
        ]
      },
      {
        "name": "min_samples",
        "vals": [
          "10"
        ]
      }
    ]
  },
  "postSearchDescription": {
    "importantParams": [
      {
        "name": "trees",
        "val": "100"
      },
      {
        "name": "depth",
        "val": "13"
      },
      {
        "name": "min_samples",
        "val": "10"
      }
    ]
  },
  "timeOrderingEnabled": false,
  "sampleWeightsEnabled": false,
  "modelId": "m1",
  "progress": {
    "top_level_todo": [],
    "stack": [],
    "top_level_done": [
      {
        "name": "Loading train set",
        "time": 64
      },
      {
        "name": "Loading test set",
        "time": 23
      },
      {
        "name": "Collecting statistics",
        "time": 48
      },
      {
        "name": "Preprocessing train set",
        "time": 93
      },
      {
        "name": "Preprocessing test set",
        "time": 65
      },
      {
        "name": "Grid searching",
        "time": 18124
      },
      {
        "name": "Fitting model",
        "time": 7377
      },
      {
        "name": "Saving model",
        "time": 228
      },
      {
        "name": "Scoring model",
        "time": 3269
      }
    ]
  },
  "startTime": 1587055329360,
  "endTime": 1587055358656,
  "preprocessingTime": 297,
  "trainingTime": 28999
}