{
  "type": "dataset_table",
  "params": {
    "datasetSmartName": "alert",
    "shakerScript": {
      "steps": [],
      "maxProcessedMemTableBytes": -1,
      "columnsSelection": {
        "mode": "ALL"
      },
      "columnWidthsByName": {},
      "coloring": {
        "scheme": "MEANING_AND_STATUS",
        "individualColumns": [],
        "valueColoringMode": "HASH"
      },
      "sorting": [],
      "analysisColumnData": {},
      "explorationSampling": {
        "selection": {
          "maxStoredBytes": 104857600,
          "filter": {
            "distinct": false,
            "enabled": false
          },
          "partitionSelectionMethod": "ALL",
          "latestPartitionsN": 1,
          "ordering": {
            "enabled": false,
            "rules": []
          },
          "samplingMethod": "HEAD_SEQUENTIAL",
          "maxRecords": 10000,
          "targetRatio": 0.02,
          "withinFirstN": -1,
          "maxReadUncompressedBytes": -1
        },
        "autoRefreshSample": false,
        "_refreshTrigger": 0
      },
      "vizSampling": {
        "autoRefreshSample": false,
        "_refreshTrigger": 0
      },
      "exploreUIParams": {},
      "globalSearchQuery": "",
      "explorationFilters": [],
      "previewMode": "ALL_ROWS"
    }
  },
  "owner": "admin",
  "listed": false,
  "name": "alert table",
  "dashboardCreationId": "0QeZAO3",
  "versionTag": {
    "versionNumber": 0,
    "lastModifiedBy": {
      "login": "admin"
    },
    "lastModifiedOn": 1587055845462
  },
  "creationTag": {
    "versionNumber": 0,
    "lastModifiedBy": {
      "login": "admin"
    },
    "lastModifiedOn": 1587055845462
  },
  "tags": [],
  "customFields": {},
  "checklists": {
    "checklists": []
  }
}