{
  "type": "article",
  "params": {
    "articleId": "1"
  },
  "owner": "dataiku-admin",
  "listed": false,
  "name": "article Project Introduction",
  "dashboardCreationId": "0QeZAO3",
  "versionTag": {
    "versionNumber": 0,
    "lastModifiedBy": {
      "login": "dataiku-admin"
    },
    "lastModifiedOn": 1586855333524
  },
  "creationTag": {
    "versionNumber": 0,
    "lastModifiedBy": {
      "login": "dataiku-admin"
    },
    "lastModifiedOn": 1586855333524
  },
  "tags": [],
  "customFields": {},
  "checklists": {
    "checklists": []
  }
}