{
  "type": "saved-model_report",
  "params": {
    "savedModelSmartId": "SEqEzbUs"
  },
  "owner": "dataiku-admin",
  "listed": false,
  "name": "Prediction (RANDOM_FOREST_REGRESSION) on historic_clean table",
  "dashboardCreationId": "0QeZAO3",
  "versionTag": {
    "versionNumber": 0,
    "lastModifiedBy": {
      "login": "dataiku-admin"
    },
    "lastModifiedOn": 1586984260596
  },
  "creationTag": {
    "versionNumber": 0,
    "lastModifiedBy": {
      "login": "dataiku-admin"
    },
    "lastModifiedOn": 1586984260596
  },
  "tags": [],
  "customFields": {},
  "checklists": {
    "checklists": []
  }
}