{
  "type": "saved-model_report",
  "params": {
    "savedModelSmartId": "cmaHJ7k6"
  },
  "owner": "admin",
  "listed": false,
  "name": "Prediction (RANDOM_FOREST_REGRESSION) on historical table",
  "dashboardCreationId": "0QeZAO3",
  "versionTag": {
    "versionNumber": 0,
    "lastModifiedBy": {
      "login": "admin"
    },
    "lastModifiedOn": 1587055795771
  },
  "creationTag": {
    "versionNumber": 0,
    "lastModifiedBy": {
      "login": "admin"
    },
    "lastModifiedOn": 1587055795771
  },
  "tags": [],
  "customFields": {},
  "checklists": {
    "checklists": []
  }
}