{
  "state": "DONE",
  "preSearchDescription": {
    "gridLength": 1,
    "importantParams": []
  },
  "postSearchDescription": {
    "importantParams": []
  },
  "timeOrderingEnabled": false,
  "sampleWeightsEnabled": false,
  "modelId": "m1",
  "progress": {
    "top_level_todo": [],
    "stack": [],
    "top_level_done": [
      {
        "name": "Loading train set",
        "time": 87
      },
      {
        "name": "Loading test set",
        "time": 30
      },
      {
        "name": "Collecting statistics",
        "time": 72
      },
      {
        "name": "Preprocessing train set",
        "time": 144
      },
      {
        "name": "Preprocessing test set",
        "time": 90
      },
      {
        "name": "Fitting model",
        "time": 308
      },
      {
        "name": "Saving model",
        "time": 3
      },
      {
        "name": "Scoring model",
        "time": 421
      }
    ]
  },
  "startTime": 1587055333584,
  "endTime": 1587055334749,
  "preprocessingTime": 431,
  "trainingTime": 734
}