{
    "gridSize": 3, 
    "nThreads": 4, 
    "metric": "RMSE", 
    "gridPoints": [
        {
            "index": 0, 
            "finishedAt": 1587055174918.0, 
            "score": 69337.47262591303, 
            "parameters": {
                "alpha": 0.1
            }, 
            "time": 236.0
        }, 
        {
            "index": 1, 
            "finishedAt": 1587055174842.0, 
            "score": 80570.50351533301, 
            "parameters": {
                "alpha": 1.0
            }, 
            "time": 1990.0
        }, 
        {
            "index": 2, 
            "finishedAt": 1587055174914.0, 
            "score": 94140.86061656925, 
            "parameters": {
                "alpha": 3.0
            }, 
            "time": 789.0
        }
    ], 
    "startedAt": 1587055174100, 
    "nSplits": 3
}