[
    {
        "parameters": {
            "alpha": 0.1
        }, 
        "score_time": 6, 
        "test_score": -70017.7323411388, 
        "fit_time": 40, 
        "num_samples": 4391, 
        "best_iteration": null, 
        "train_score": -68213.46949916828, 
        "parameter_id": 0, 
        "time": 46, 
        "done_at": 1587055174918, 
        "grid_point_id": "{\"alpha\": 0.1}@2"
    }, 
    {
        "parameters": {
            "alpha": 3.0
        }, 
        "score_time": 7, 
        "test_score": -94927.06449650248, 
        "fit_time": 95, 
        "num_samples": 4392, 
        "best_iteration": null, 
        "train_score": -93655.50908667764, 
        "parameter_id": 2, 
        "time": 102, 
        "done_at": 1587055174867, 
        "grid_point_id": "{\"alpha\": 3.0}@1"
    }, 
    {
        "parameters": {
            "alpha": 1.0
        }, 
        "score_time": 12, 
        "test_score": -79967.1891357622, 
        "fit_time": 640, 
        "num_samples": 4392, 
        "best_iteration": null, 
        "train_score": -80866.52111867689, 
        "parameter_id": 1, 
        "time": 652, 
        "done_at": 1587055174758, 
        "grid_point_id": "{\"alpha\": 1.0}@0"
    }, 
    {
        "parameters": {
            "alpha": 3.0
        }, 
        "score_time": 26, 
        "test_score": -94160.98616358265, 
        "fit_time": 530, 
        "num_samples": 4392, 
        "best_iteration": null, 
        "train_score": -94236.26868952598, 
        "parameter_id": 2, 
        "time": 556, 
        "done_at": 1587055174774, 
        "grid_point_id": "{\"alpha\": 3.0}@0"
    }, 
    {
        "parameters": {
            "alpha": 1.0
        }, 
        "score_time": 36, 
        "test_score": -81440.43841988985, 
        "fit_time": 637, 
        "num_samples": 4392, 
        "best_iteration": null, 
        "train_score": -79861.99247443356, 
        "parameter_id": 1, 
        "time": 673, 
        "done_at": 1587055174782, 
        "grid_point_id": "{\"alpha\": 1.0}@1"
    }, 
    {
        "parameters": {
            "alpha": 0.1
        }, 
        "score_time": 44, 
        "test_score": -67641.3114527901, 
        "fit_time": 74, 
        "num_samples": 4392, 
        "best_iteration": null, 
        "train_score": -69652.91748948696, 
        "parameter_id": 0, 
        "time": 118, 
        "done_at": 1587055174908, 
        "grid_point_id": "{\"alpha\": 0.1}@0"
    }, 
    {
        "parameters": {
            "alpha": 1.0
        }, 
        "score_time": 92, 
        "test_score": -80303.74562368497, 
        "fit_time": 573, 
        "num_samples": 4391, 
        "best_iteration": null, 
        "train_score": -80162.8287261478, 
        "parameter_id": 1, 
        "time": 665, 
        "done_at": 1587055174842, 
        "grid_point_id": "{\"alpha\": 1.0}@2"
    }, 
    {
        "parameters": {
            "alpha": 3.0
        }, 
        "score_time": 48, 
        "test_score": -93334.71019779197, 
        "fit_time": 83, 
        "num_samples": 4391, 
        "best_iteration": null, 
        "train_score": -94146.08608890284, 
        "parameter_id": 2, 
        "time": 131, 
        "done_at": 1587055174914, 
        "grid_point_id": "{\"alpha\": 3.0}@2"
    }, 
    {
        "parameters": {
            "alpha": 0.1
        }, 
        "score_time": 8, 
        "test_score": -70353.52896990195, 
        "fit_time": 64, 
        "num_samples": 4392, 
        "best_iteration": null, 
        "train_score": -68167.61153185266, 
        "parameter_id": 0, 
        "time": 72, 
        "done_at": 1587055174918, 
        "grid_point_id": "{\"alpha\": 0.1}@1"
    }
]