{
  "state": "DONE",
  "preSearchDescription": {
    "gridLength": 3,
    "importantParams": [
      {
        "name": "alpha",
        "vals": [
          "0.1",
          "1.0",
          "3.0"
        ]
      }
    ]
  },
  "postSearchDescription": {
    "importantParams": [
      {
        "name": "alpha",
        "val": "0.1"
      }
    ]
  },
  "timeOrderingEnabled": false,
  "sampleWeightsEnabled": false,
  "modelId": "m1",
  "progress": {
    "top_level_todo": [],
    "stack": [],
    "top_level_done": [
      {
        "name": "Loading train set",
        "time": 55
      },
      {
        "name": "Loading test set",
        "time": 16
      },
      {
        "name": "Collecting statistics",
        "time": 40
      },
      {
        "name": "Preprocessing train set",
        "time": 189
      },
      {
        "name": "Preprocessing test set",
        "time": 97
      },
      {
        "name": "Grid searching",
        "time": 1148
      },
      {
        "name": "Fitting model",
        "time": 32
      },
      {
        "name": "Saving model",
        "time": 2
      },
      {
        "name": "Scoring model",
        "time": 125
      }
    ]
  },
  "startTime": 1587055173569,
  "endTime": 1587055175279,
  "preprocessingTime": 400,
  "trainingTime": 1310
}