{
  "state": "DONE",
  "preSearchDescription": {
    "gridLength": 1,
    "importantParams": []
  },
  "postSearchDescription": {
    "importantParams": []
  },
  "timeOrderingEnabled": false,
  "sampleWeightsEnabled": false,
  "modelId": "m1",
  "progress": {
    "top_level_todo": [],
    "stack": [],
    "top_level_done": [
      {
        "name": "Loading train set",
        "time": 93
      },
      {
        "name": "Loading test set",
        "time": 30
      },
      {
        "name": "Collecting statistics",
        "time": 67
      },
      {
        "name": "Preprocessing train set",
        "time": 137
      },
      {
        "name": "Preprocessing test set",
        "time": 65
      },
      {
        "name": "Fitting model",
        "time": 275
      },
      {
        "name": "Saving model",
        "time": 3
      },
      {
        "name": "Scoring model",
        "time": 206
      }
    ]
  },
  "startTime": 1587055178564,
  "endTime": 1587055179517,
  "preprocessingTime": 465,
  "trainingTime": 488
}