{
    "gridSize": 3, 
    "nThreads": 4, 
    "metric": "RMSE", 
    "gridPoints": [
        {
            "index": 0, 
            "finishedAt": 1587055330192.0, 
            "score": 69337.47262591303, 
            "parameters": {
                "alpha": 0.1
            }, 
            "time": 417.0
        }, 
        {
            "index": 1, 
            "finishedAt": 1587055329969.0, 
            "score": 80570.50351533301, 
            "parameters": {
                "alpha": 1.0
            }, 
            "time": 729.0
        }, 
        {
            "index": 2, 
            "finishedAt": 1587055330168.0, 
            "score": 94140.86061656925, 
            "parameters": {
                "alpha": 3.0
            }, 
            "time": 600.0
        }
    ], 
    "startedAt": 1587055329691, 
    "nSplits": 3
}