[
    {
        "parameters": {
            "alpha": 0.1
        }, 
        "score_time": 3, 
        "test_score": -70017.7323411388, 
        "fit_time": 26, 
        "num_samples": 4391, 
        "best_iteration": null, 
        "train_score": -68213.46949916828, 
        "parameter_id": 0, 
        "time": 29, 
        "done_at": 1587055330192, 
        "grid_point_id": "{\"alpha\": 0.1}@2"
    }, 
    {
        "parameters": {
            "alpha": 3.0
        }, 
        "score_time": 53, 
        "test_score": -94927.06449650248, 
        "fit_time": 161, 
        "num_samples": 4392, 
        "best_iteration": null, 
        "train_score": -93655.50908667764, 
        "parameter_id": 2, 
        "time": 214, 
        "done_at": 1587055330164, 
        "grid_point_id": "{\"alpha\": 3.0}@1"
    }, 
    {
        "parameters": {
            "alpha": 1.0
        }, 
        "score_time": 13, 
        "test_score": -79967.1891357622, 
        "fit_time": 235, 
        "num_samples": 4392, 
        "best_iteration": null, 
        "train_score": -80866.52111867689, 
        "parameter_id": 1, 
        "time": 248, 
        "done_at": 1587055329944, 
        "grid_point_id": "{\"alpha\": 1.0}@0"
    }, 
    {
        "parameters": {
            "alpha": 3.0
        }, 
        "score_time": 12, 
        "test_score": -94160.98616358265, 
        "fit_time": 165, 
        "num_samples": 4392, 
        "best_iteration": null, 
        "train_score": -94236.26868952598, 
        "parameter_id": 2, 
        "time": 177, 
        "done_at": 1587055329950, 
        "grid_point_id": "{\"alpha\": 3.0}@0"
    }, 
    {
        "parameters": {
            "alpha": 1.0
        }, 
        "score_time": 33, 
        "test_score": -81440.43841988985, 
        "fit_time": 237, 
        "num_samples": 4392, 
        "best_iteration": null, 
        "train_score": -79861.99247443356, 
        "parameter_id": 1, 
        "time": 270, 
        "done_at": 1587055329969, 
        "grid_point_id": "{\"alpha\": 1.0}@1"
    }, 
    {
        "parameters": {
            "alpha": 0.1
        }, 
        "score_time": 16, 
        "test_score": -67641.3114527901, 
        "fit_time": 192, 
        "num_samples": 4392, 
        "best_iteration": null, 
        "train_score": -69652.91748948696, 
        "parameter_id": 0, 
        "time": 208, 
        "done_at": 1587055330168, 
        "grid_point_id": "{\"alpha\": 0.1}@0"
    }, 
    {
        "parameters": {
            "alpha": 1.0
        }, 
        "score_time": 19, 
        "test_score": -80303.74562368497, 
        "fit_time": 192, 
        "num_samples": 4391, 
        "best_iteration": null, 
        "train_score": -80162.8287261478, 
        "parameter_id": 1, 
        "time": 211, 
        "done_at": 1587055329949, 
        "grid_point_id": "{\"alpha\": 1.0}@2"
    }, 
    {
        "parameters": {
            "alpha": 3.0
        }, 
        "score_time": 13, 
        "test_score": -93334.71019779197, 
        "fit_time": 196, 
        "num_samples": 4391, 
        "best_iteration": null, 
        "train_score": -94146.08608890284, 
        "parameter_id": 2, 
        "time": 209, 
        "done_at": 1587055330168, 
        "grid_point_id": "{\"alpha\": 3.0}@2"
    }, 
    {
        "parameters": {
            "alpha": 0.1
        }, 
        "score_time": 13, 
        "test_score": -70353.52896990195, 
        "fit_time": 167, 
        "num_samples": 4392, 
        "best_iteration": null, 
        "train_score": -68167.61153185266, 
        "parameter_id": 0, 
        "time": 180, 
        "done_at": 1587055330158, 
        "grid_point_id": "{\"alpha\": 0.1}@1"
    }
]