{
  "state": "DONE",
  "preSearchDescription": {
    "gridLength": 3,
    "importantParams": [
      {
        "name": "alpha",
        "vals": [
          "0.1",
          "1.0",
          "3.0"
        ]
      }
    ]
  },
  "postSearchDescription": {
    "importantParams": [
      {
        "name": "alpha",
        "val": "0.1"
      }
    ]
  },
  "timeOrderingEnabled": false,
  "sampleWeightsEnabled": false,
  "modelId": "m1",
  "progress": {
    "top_level_todo": [],
    "stack": [],
    "top_level_done": [
      {
        "name": "Loading train set",
        "time": 63
      },
      {
        "name": "Loading test set",
        "time": 20
      },
      {
        "name": "Collecting statistics",
        "time": 46
      },
      {
        "name": "Preprocessing train set",
        "time": 100
      },
      {
        "name": "Preprocessing test set",
        "time": 58
      },
      {
        "name": "Grid searching",
        "time": 1055
      },
      {
        "name": "Fitting model",
        "time": 43
      },
      {
        "name": "Saving model",
        "time": 2
      },
      {
        "name": "Scoring model",
        "time": 109
      }
    ]
  },
  "startTime": 1587055329360,
  "endTime": 1587055330862,
  "preprocessingTime": 290,
  "trainingTime": 1212
}