{
    "per_feature": {
        "Open_CREDIT_Lines": {
            "stats": {
                "std": 4.4878417250096065, 
                "p99": 23.0, 
                "min": 2.0, 
                "max": 38.0, 
                "average": 10.051868377021751, 
                "median": 9.0
            }, 
            "missing_impute_with_value": 10.051868377021751
        }, 
        "Loan_Length": {
            "stats": {
                "mostFrequentValue": "36 months", 
                "leastFrequentValue": "60 months"
            }, 
            "category_possible_counts": [
                1394, 
                399
            ], 
            "category_possible_values": [
                "36 months", 
                "60 months"
            ]
        }, 
        "State": {
            "stats": {
                "mostFrequentValue": "CA", 
                "leastFrequentValue": "MS"
            }, 
            "category_possible_counts": [
                292, 
                183, 
                132, 
                121, 
                77, 
                74, 
                74, 
                68, 
                60, 
                52, 
                51, 
                49, 
                48, 
                47, 
                42, 
                35, 
                32, 
                32, 
                26, 
                25, 
                23, 
                22, 
                21, 
                21, 
                20, 
                17, 
                16, 
                14, 
                14, 
                13, 
                10, 
                9, 
                9, 
                9, 
                9, 
                8, 
                8, 
                7, 
                5, 
                5, 
                4, 
                3, 
                2, 
                2, 
                1, 
                1
            ], 
            "category_possible_values": [
                "CA", 
                "NY", 
                "TX", 
                "FL", 
                "PA", 
                "GA", 
                "IL", 
                "NJ", 
                "VA", 
                "MD", 
                "NC", 
                "CO", 
                "OH", 
                "MA", 
                "WA", 
                "MI", 
                "CT", 
                "AZ", 
                "MN", 
                "AL", 
                "MO", 
                "SC", 
                "NV", 
                "OR", 
                "WI", 
                "KY", 
                "LA", 
                "KS", 
                "OK", 
                "UT", 
                "NM", 
                "NH", 
                "HI", 
                "RI", 
                "AK", 
                "DC", 
                "AR", 
                "WV", 
                "MT", 
                "DE", 
                "WY", 
                "VT", 
                "SD", 
                "IN", 
                "IA", 
                "MS"
            ]
        }, 
        "Inquiries_in_the_Last_6_Months": {
            "stats": {
                "std": 1.2573602128285997, 
                "p99": 6.0, 
                "min": 0.0, 
                "max": 9.0, 
                "average": 0.90574456218628, 
                "median": 0.0
            }, 
            "missing_impute_with_value": 0.90574456218628
        }, 
        "id": {
            "stats": {}
        }, 
        "Status": {
            "stats": {}
        }, 
        "Monthly_Income": {
            "stats": {
                "std": 3567.3341065622103, 
                "p99": 18750.0, 
                "min": 588.5, 
                "max": 65000.0, 
                "average": 5611.926201896261, 
                "median": 4916.67
            }, 
            "missing_impute_with_value": 5611.926201896261
        }, 
        "Interest_Rate": {
            "stats": {
                "std": 4.193597208649162, 
                "p99": 23.28, 
                "min": 5.42, 
                "max": 24.89, 
                "average": 13.154026770775333, 
                "median": 13.11
            }, 
            "missing_impute_with_value": 13.154026770775333
        }, 
        "FICO_mean": {
            "stats": {
                "std": 34.62729306804246, 
                "p99": 802.3999999999996, 
                "min": 642.0, 
                "max": 832.0, 
                "average": 707.2091466815393, 
                "median": 702.0
            }, 
            "missing_impute_with_value": 707.2091466815393
        }, 
        "Date_Of_Birth_parsed_year": {
            "stats": {
                "std": 5.572652281894496, 
                "p99": 1997.0, 
                "min": 1971.0, 
                "max": 1998.0, 
                "average": 1985.4489682097044, 
                "median": 1985.0
            }, 
            "missing_impute_with_value": 1985.4489682097044
        }, 
        "Home_Ownership": {
            "stats": {
                "mostFrequentValue": "RENT", 
                "leastFrequentValue": "OTHER"
            }, 
            "category_possible_counts": [
                827, 
                786, 
                145, 
                33, 
                2
            ], 
            "category_possible_values": [
                "RENT", 
                "MORTGAGE", 
                "OWNER", 
                "MORTGAE", 
                "OTHER"
            ]
        }, 
        "FICO": {
            "stats": {
                "std": 34.62729306804246, 
                "p99": 802.3999999999996, 
                "min": 642.0, 
                "max": 832.0, 
                "average": 707.2091466815393, 
                "median": 702.0
            }, 
            "missing_impute_with_value": 707.2091466815393
        }, 
        "Date_Of_Birth_parsed": {
            "stats": {
                "std": 175782693.3518598, 
                "p99": 3064673664.0, 
                "min": 2266185600.0, 
                "max": 3095280000.0, 
                "average": 2712153873.0619073, 
                "median": 2711232000.0
            }, 
            "missing_impute_with_value": 2712153873.0619073
        }, 
        "Default": {
            "stats": {}
        }, 
        "Date_Of_Birth_parsed_day": {
            "stats": {
                "std": 8.908524887268275, 
                "p99": 31.0, 
                "min": 1.0, 
                "max": 31.0, 
                "average": 16.06079196876743, 
                "median": 16.0
            }, 
            "missing_impute_with_value": 16.06079196876743
        }, 
        "Age": {
            "stats": {
                "std": 5.583301386470322, 
                "p99": 45.0, 
                "min": 22.0, 
                "max": 48.0, 
                "average": 33.74288901282766, 
                "median": 34.0
            }, 
            "missing_impute_with_value": 33.74288901282766
        }, 
        "Loan_Purpose": {
            "stats": {
                "mostFrequentValue": "debt_consolidation", 
                "leastFrequentValue": "renewable_energy"
            }, 
            "category_possible_counts": [
                939, 
                314, 
                141, 
                109, 
                79, 
                58, 
                39, 
                32, 
                22, 
                19, 
                14, 
                13, 
                13, 
                1
            ], 
            "category_possible_values": [
                "debt_consolidation", 
                "credit_card", 
                "other", 
                "home_improvement", 
                "major_purchase", 
                "small_business", 
                "car", 
                "wedding", 
                "moving", 
                "medical", 
                "vacation", 
                "educational", 
                "house", 
                "renewable_energy"
            ]
        }, 
        "nb_year_employment": {
            "stats": {
                "std": 3.47574154137238, 
                "p99": 14.0, 
                "min": 4.0, 
                "max": 14.0, 
                "average": 8.6921749136939, 
                "median": 8.0
            }, 
            "missing_impute_with_value": 8.6921749136939
        }, 
        "Debt_To_Income_Ratio": {
            "stats": {
                "std": 7.435837275466846, 
                "p99": 33.2432, 
                "min": 0.0, 
                "max": 34.91, 
                "average": 15.498884551031809, 
                "median": 15.51
            }, 
            "missing_impute_with_value": 15.498884551031809
        }, 
        "Amount_Requested": {
            "stats": {
                "std": 7812.803381165224, 
                "p99": 35000.0, 
                "min": 1000.0, 
                "max": 35000.0, 
                "average": 12408.561070831009, 
                "median": 10000.0
            }, 
            "missing_impute_with_value": 12408.561070831009
        }, 
        "Date_Of_Birth_parsed_month": {
            "stats": {
                "std": 3.481719596678107, 
                "p99": 12.0, 
                "min": 1.0, 
                "max": 12.0, 
                "average": 6.476854433909649, 
                "median": 6.0
            }, 
            "missing_impute_with_value": 6.476854433909649
        }, 
        "Revolving_CREDIT_Balance": {
            "stats": {
                "std": 18373.837251099252, 
                "p99": 86672.99999999974, 
                "min": 0.0, 
                "max": 270800.0, 
                "average": 15407.790295593977, 
                "median": 11120.0
            }, 
            "missing_impute_with_value": 15407.790295593977
        }
    }, 
    "feature_order": [
        "Open_CREDIT_Lines", 
        "Loan_Length", 
        "State", 
        "Inquiries_in_the_Last_6_Months", 
        "id", 
        "Status", 
        "Monthly_Income", 
        "Interest_Rate", 
        "FICO_mean", 
        "Date_Of_Birth_parsed_year", 
        "Home_Ownership", 
        "FICO", 
        "Date_Of_Birth_parsed", 
        "Default", 
        "Date_Of_Birth_parsed_day", 
        "Age", 
        "Loan_Purpose", 
        "nb_year_employment", 
        "Debt_To_Income_Ratio", 
        "Amount_Requested", 
        "Date_Of_Birth_parsed_month", 
        "Revolving_CREDIT_Balance"
    ]
}