{
  "trainedWithDSSVersion": "7.0.0",
  "backend": "PY_MEMORY",
  "isValid": true,
  "type": "BINARY_PROBABILISTIC",
  "algorithm_name": "FOREST_CLASSIFIER",
  "columns": [
    "Age",
    "Amount_Requested",
    "Date_Of_Birth_parsed",
    "Date_Of_Birth_parsed_day",
    "Date_Of_Birth_parsed_month",
    "Date_Of_Birth_parsed_year",
    "Debt_To_Income_Ratio",
    "FICO",
    "FICO_mean",
    "Inquiries_in_the_Last_6_Months",
    "Interest_Rate",
    "Monthly_Income",
    "Open_CREDIT_Lines",
    "Revolving_CREDIT_Balance",
    "nb_year_employment",
    "dummy:Loan_Length:36 months",
    "dummy:Loan_Length:60 months",
    "dummy:Loan_Length:N/A",
    "dummy:Loan_Length:__Others__",
    "dummy:State:CA",
    "dummy:State:NY",
    "dummy:State:TX",
    "dummy:State:FL",
    "dummy:State:PA",
    "dummy:State:GA",
    "dummy:State:IL",
    "dummy:State:NJ",
    "dummy:State:VA",
    "dummy:State:MD",
    "dummy:State:NC",
    "dummy:State:CO",
    "dummy:State:OH",
    "dummy:State:MA",
    "dummy:State:WA",
    "dummy:State:MI",
    "dummy:State:CT",
    "dummy:State:AZ",
    "dummy:State:MN",
    "dummy:State:AL",
    "dummy:State:MO",
    "dummy:State:SC",
    "dummy:State:NV",
    "dummy:State:OR",
    "dummy:State:WI",
    "dummy:State:KY",
    "dummy:State:LA",
    "dummy:State:KS",
    "dummy:State:OK",
    "dummy:State:UT",
    "dummy:State:NM",
    "dummy:State:NH",
    "dummy:State:HI",
    "dummy:State:RI",
    "dummy:State:AK",
    "dummy:State:DC",
    "dummy:State:AR",
    "dummy:State:WV",
    "dummy:State:MT",
    "dummy:State:DE",
    "dummy:State:WY",
    "dummy:State:VT",
    "dummy:State:SD",
    "dummy:State:IN",
    "dummy:State:IA",
    "dummy:State:MS",
    "dummy:State:N/A",
    "dummy:State:__Others__",
    "dummy:Home_Ownership:RENT",
    "dummy:Home_Ownership:MORTGAGE",
    "dummy:Home_Ownership:OWNER",
    "dummy:Home_Ownership:MORTGAE",
    "dummy:Home_Ownership:OTHER",
    "dummy:Home_Ownership:N/A",
    "dummy:Home_Ownership:__Others__",
    "dummy:Loan_Purpose:debt_consolidation",
    "dummy:Loan_Purpose:credit_card",
    "dummy:Loan_Purpose:other",
    "dummy:Loan_Purpose:home_improvement",
    "dummy:Loan_Purpose:major_purchase",
    "dummy:Loan_Purpose:small_business",
    "dummy:Loan_Purpose:car",
    "dummy:Loan_Purpose:wedding",
    "dummy:Loan_Purpose:moving",
    "dummy:Loan_Purpose:medical",
    "dummy:Loan_Purpose:vacation",
    "dummy:Loan_Purpose:educational",
    "dummy:Loan_Purpose:house",
    "dummy:Loan_Purpose:renewable_energy",
    "dummy:Loan_Purpose:N/A",
    "dummy:Loan_Purpose:__Others__"
  ],
  "classes": [
    "0.0",
    "1.0"
  ]
}