[
    {
        "parameters": {
            "max_features": "auto", 
            "n_estimators": 100, 
            "min_samples_split": 3, 
            "max_depth": 6, 
            "min_samples_leaf": 1
        }, 
        "score_time": 780, 
        "test_score": 0.8472272930104255, 
        "fit_time": 2132, 
        "num_samples": 597, 
        "best_iteration": null, 
        "train_score": 0.9524497991967871, 
        "parameter_id": 0, 
        "time": 2912, 
        "done_at": 1587053914609, 
        "grid_point_id": "{\"max_features\": \"auto\", \"n_estimators\": 100, \"min_samples_split\": 3, \"max_depth\": 6, \"min_samples_leaf\": 1}@2"
    }, 
    {
        "parameters": {
            "max_features": "auto", 
            "n_estimators": 100, 
            "min_samples_split": 3, 
            "max_depth": 14, 
            "min_samples_leaf": 1
        }, 
        "score_time": 640, 
        "test_score": 0.8301305220883534, 
        "fit_time": 1952, 
        "num_samples": 598, 
        "best_iteration": null, 
        "train_score": 0.9997780064983552, 
        "parameter_id": 1, 
        "time": 2592, 
        "done_at": 1587053914365, 
        "grid_point_id": "{\"max_features\": \"auto\", \"n_estimators\": 100, \"min_samples_split\": 3, \"max_depth\": 14, \"min_samples_leaf\": 1}@0"
    }, 
    {
        "parameters": {
            "max_features": "auto", 
            "n_estimators": 100, 
            "min_samples_split": 3, 
            "max_depth": 6, 
            "min_samples_leaf": 1
        }, 
        "score_time": 713, 
        "test_score": 0.8240963855421687, 
        "fit_time": 1414, 
        "num_samples": 598, 
        "best_iteration": null, 
        "train_score": 0.9592742830618959, 
        "parameter_id": 0, 
        "time": 2127, 
        "done_at": 1587053913759, 
        "grid_point_id": "{\"max_features\": \"auto\", \"n_estimators\": 100, \"min_samples_split\": 3, \"max_depth\": 6, \"min_samples_leaf\": 1}@0"
    }, 
    {
        "parameters": {
            "max_features": "auto", 
            "n_estimators": 100, 
            "min_samples_split": 3, 
            "max_depth": 6, 
            "min_samples_leaf": 1
        }, 
        "score_time": 700, 
        "test_score": 0.8476706827309237, 
        "fit_time": 2032, 
        "num_samples": 598, 
        "best_iteration": null, 
        "train_score": 0.9608736453351093, 
        "parameter_id": 0, 
        "time": 2732, 
        "done_at": 1587053914368, 
        "grid_point_id": "{\"max_features\": \"auto\", \"n_estimators\": 100, \"min_samples_split\": 3, \"max_depth\": 6, \"min_samples_leaf\": 1}@1"
    }, 
    {
        "parameters": {
            "max_features": "auto", 
            "n_estimators": 100, 
            "min_samples_split": 3, 
            "max_depth": 14, 
            "min_samples_leaf": 1
        }, 
        "score_time": 244, 
        "test_score": 0.8393473895582328, 
        "fit_time": 1365, 
        "num_samples": 598, 
        "best_iteration": null, 
        "train_score": 0.9998486407943331, 
        "parameter_id": 1, 
        "time": 1609, 
        "done_at": 1587053915376, 
        "grid_point_id": "{\"max_features\": \"auto\", \"n_estimators\": 100, \"min_samples_split\": 3, \"max_depth\": 14, \"min_samples_leaf\": 1}@1"
    }, 
    {
        "parameters": {
            "max_features": "auto", 
            "n_estimators": 100, 
            "min_samples_split": 3, 
            "max_depth": 14, 
            "min_samples_leaf": 1
        }, 
        "score_time": 247, 
        "test_score": 0.8459697375360027, 
        "fit_time": 659, 
        "num_samples": 597, 
        "best_iteration": null, 
        "train_score": 0.9990712851405623, 
        "parameter_id": 1, 
        "time": 906, 
        "done_at": 1587053915279, 
        "grid_point_id": "{\"max_features\": \"auto\", \"n_estimators\": 100, \"min_samples_split\": 3, \"max_depth\": 14, \"min_samples_leaf\": 1}@2"
    }
]