{
    "gridSize": 2, 
    "nThreads": 4, 
    "metric": "ROC_AUC", 
    "gridPoints": [
        {
            "index": 0, 
            "finishedAt": 1587053914609.0, 
            "score": 0.8396605692997955, 
            "parameters": {
                "max_features": "auto", 
                "n_estimators": 100, 
                "min_samples_split": 3, 
                "max_depth": 6, 
                "min_samples_leaf": 1
            }, 
            "time": 7771.0
        }, 
        {
            "index": 1, 
            "finishedAt": 1587053915376.0, 
            "score": 0.8384872078578359, 
            "parameters": {
                "max_features": "auto", 
                "n_estimators": 100, 
                "min_samples_split": 3, 
                "max_depth": 14, 
                "min_samples_leaf": 1
            }, 
            "time": 5107.0
        }
    ], 
    "startedAt": 1587053911625, 
    "nSplits": 3
}