{
    "usedGridSearch": true, 
    "probaAware": true, 
    "gridSize": 2, 
    "rawImportance": {
        "variables": [
            "Age", 
            "Amount_Requested", 
            "Date_Of_Birth_parsed", 
            "Date_Of_Birth_parsed_day", 
            "Date_Of_Birth_parsed_month", 
            "Date_Of_Birth_parsed_year", 
            "Debt_To_Income_Ratio", 
            "FICO", 
            "FICO_mean", 
            "Inquiries_in_the_Last_6_Months", 
            "Interest_Rate", 
            "Monthly_Income", 
            "Open_CREDIT_Lines", 
            "Revolving_CREDIT_Balance", 
            "nb_year_employment", 
            "dummy:Loan_Length:36 months", 
            "dummy:Loan_Length:60 months", 
            "dummy:State:CA", 
            "dummy:State:NY", 
            "dummy:State:TX", 
            "dummy:State:FL", 
            "dummy:State:PA", 
            "dummy:State:GA", 
            "dummy:State:IL", 
            "dummy:State:NJ", 
            "dummy:State:VA", 
            "dummy:State:MD", 
            "dummy:State:NC", 
            "dummy:State:CO", 
            "dummy:State:OH", 
            "dummy:State:MA", 
            "dummy:State:WA", 
            "dummy:State:MI", 
            "dummy:State:CT", 
            "dummy:State:AZ", 
            "dummy:State:MN", 
            "dummy:State:AL", 
            "dummy:State:MO", 
            "dummy:State:SC", 
            "dummy:State:NV", 
            "dummy:State:OR", 
            "dummy:State:WI", 
            "dummy:State:KY", 
            "dummy:State:LA", 
            "dummy:State:KS", 
            "dummy:State:OK", 
            "dummy:State:UT", 
            "dummy:State:NM", 
            "dummy:State:NH", 
            "dummy:State:HI", 
            "dummy:State:RI", 
            "dummy:State:AK", 
            "dummy:State:DC", 
            "dummy:State:AR", 
            "dummy:State:WV", 
            "dummy:State:WY", 
            "dummy:State:IA", 
            "dummy:Home_Ownership:RENT", 
            "dummy:Home_Ownership:MORTGAGE", 
            "dummy:Home_Ownership:OWNER", 
            "dummy:Home_Ownership:MORTGAE", 
            "dummy:Home_Ownership:OTHER", 
            "dummy:Loan_Purpose:debt_consolidation", 
            "dummy:Loan_Purpose:credit_card", 
            "dummy:Loan_Purpose:other", 
            "dummy:Loan_Purpose:home_improvement", 
            "dummy:Loan_Purpose:major_purchase", 
            "dummy:Loan_Purpose:small_business", 
            "dummy:Loan_Purpose:car", 
            "dummy:Loan_Purpose:wedding", 
            "dummy:Loan_Purpose:moving", 
            "dummy:Loan_Purpose:medical", 
            "dummy:Loan_Purpose:vacation", 
            "dummy:Loan_Purpose:educational", 
            "dummy:Loan_Purpose:house"
        ], 
        "importances": [
            0.012626873797695424, 
            0.014276895694818744, 
            0.016025777027990344, 
            0.01669496638600672, 
            0.007318664513620503, 
            0.011870384545276867, 
            0.021744318567456677, 
            0.32877336891480374, 
            0.2991655154830665, 
            0.006602263835158553, 
            0.12347853626162443, 
            0.01902634250132683, 
            0.013411212302593043, 
            0.032177392597190525, 
            0.009204890608028161, 
            0.002054775072435113, 
            0.0020816577202288685, 
            0.0014497649321045226, 
            0.0028560471944833387, 
            0.00045769462195540956, 
            0.0010623360833388613, 
            0.0003704910556690641, 
            0.0019203796160984438, 
            0.00186499816492405, 
            0.0018397087647880476, 
            0.0009617825666223445, 
            0.0011640821566909457, 
            0.0011644993432796554, 
            0.003465093599931335, 
            0.00021484647673102522, 
            0.0017860419679607076, 
            0.00038164031645370486, 
            0.004439778309056285, 
            0.0011132369741596979, 
            0.00017690037941495542, 
            0.0009557213310090786, 
            9.356993137661042e-05, 
            0.00041111840508157275, 
            0.0003047097262028244, 
            0.0005701359880580098, 
            0.0006008635166305047, 
            0.000988795408272683, 
            0.0017607685677958375, 
            0.00010252525857375984, 
            0.00025654998242708804, 
            0.0008336461427145528, 
            0.00012376644621791104, 
            0.0002579312723522995, 
            8.557611612624704e-05, 
            0.00048258902624737456, 
            0.0017273780704746384, 
            4.7605673620069625e-05, 
            0.000174262194767757, 
            0.0008406127317040766, 
            4.294275138610222e-05, 
            0.000170268096852163, 
            5.7538050619487724e-05, 
            0.0026437633295236162, 
            0.001796649699107534, 
            0.001763029394979985, 
            0.00015109360417322538, 
            7.436301132314017e-05, 
            0.0017768263051231815, 
            0.002045893756847765, 
            0.001030440044020555, 
            0.0017269080680097843, 
            0.009461725854216558, 
            0.0008898559979152234, 
            0.0005134638194160424, 
            0.0005597509493872244, 
            0.0003455019778997007, 
            0.00024353844405284488, 
            4.613416116091881e-05, 
            0.0006761654483273184, 
            0.0001428630930211618
        ]
    }, 
    "modelInputNRows": 1793, 
    "modelInputNCols": 90, 
    "modelInputMemory": 1290960, 
    "gridCells": [
        {
            "scoreTimeStd": 0.035052341814302064, 
            "scoreTime": 0.7309999999999999, 
            "fitTime": 1.859333333333333, 
            "score": 0.8396605692997955, 
            "params": {
                "max_features": "auto", 
                "n_estimators": 100, 
                "min_samples_split": 3, 
                "max_depth": 6, 
                "min_samples_leaf": 1
            }, 
            "fitTimeStd": 0.3175335502833608, 
            "scoreStd": 0.0110116312073386
        }, 
        {
            "scoreTimeStd": 0.1859731163367437, 
            "scoreTime": 0.377, 
            "fitTime": 1.3253333333333333, 
            "score": 0.8384783739395718, 
            "params": {
                "max_features": "auto", 
                "n_estimators": 100, 
                "min_samples_split": 3, 
                "max_depth": 14, 
                "min_samples_leaf": 1
            }, 
            "fitTimeStd": 0.5286097068936799, 
            "scoreStd": 0.00649458838189225
        }
    ], 
    "gridBestScore": 0.8396605692997955, 
    "modelInputIsSparse": false
}