{
  "state": "DONE",
  "preSearchDescription": {
    "gridLength": 2,
    "importantParams": [
      {
        "name": "trees",
        "vals": [
          "100"
        ]
      },
      {
        "name": "depth",
        "vals": [
          "6",
          "14"
        ]
      },
      {
        "name": "min_samples",
        "vals": [
          "1"
        ]
      }
    ]
  },
  "postSearchDescription": {
    "importantParams": [
      {
        "name": "trees",
        "val": "100"
      },
      {
        "name": "depth",
        "val": "6"
      },
      {
        "name": "min_samples",
        "val": "1"
      }
    ]
  },
  "timeOrderingEnabled": false,
  "sampleWeightsEnabled": false,
  "modelId": "m1",
  "progress": {
    "top_level_todo": [],
    "stack": [],
    "top_level_done": [
      {
        "name": "Loading train set",
        "time": 78
      },
      {
        "name": "Loading test set",
        "time": 18
      },
      {
        "name": "Collecting statistics",
        "time": 52
      },
      {
        "name": "Preprocessing train set",
        "time": 107
      },
      {
        "name": "Preprocessing test set",
        "time": 47
      },
      {
        "name": "Grid searching",
        "time": 4038
      },
      {
        "name": "Fitting model",
        "time": 770
      },
      {
        "name": "Saving model",
        "time": 52
      },
      {
        "name": "Scoring model",
        "time": 1111
      }
    ]
  },
  "startTime": 1587053911310,
  "endTime": 1587053917589,
  "preprocessingTime": 307,
  "trainingTime": 5972
}