{
  "state": "DONE",
  "preSearchDescription": {
    "gridLength": 1,
    "importantParams": []
  },
  "postSearchDescription": {
    "importantParams": []
  },
  "timeOrderingEnabled": false,
  "sampleWeightsEnabled": false,
  "modelId": "m1",
  "progress": {
    "top_level_todo": [],
    "stack": [],
    "top_level_done": [
      {
        "name": "Loading train set",
        "time": 43
      },
      {
        "name": "Loading test set",
        "time": 14
      },
      {
        "name": "Collecting statistics",
        "time": 26
      },
      {
        "name": "Preprocessing train set",
        "time": 43
      },
      {
        "name": "Preprocessing test set",
        "time": 22
      },
      {
        "name": "Fitting model",
        "time": 105
      },
      {
        "name": "Saving model",
        "time": 1
      },
      {
        "name": "Scoring model",
        "time": 566
      }
    ]
  },
  "startTime": 1586980387156,
  "endTime": 1586980387976,
  "preprocessingTime": 148,
  "trainingTime": 672
}