{
    "gridSize": 3, 
    "nThreads": 4, 
    "metric": "RMSE", 
    "gridPoints": [
        {
            "index": 0, 
            "finishedAt": 1586980384978.0, 
            "score": 66889.27478784064, 
            "parameters": {
                "alpha": 0.1
            }, 
            "time": 188.0
        }, 
        {
            "index": 1, 
            "finishedAt": 1586980384922.0, 
            "score": 77756.85131112835, 
            "parameters": {
                "alpha": 1.0
            }, 
            "time": 222.0
        }, 
        {
            "index": 2, 
            "finishedAt": 1586980384868.0, 
            "score": 92316.07694174627, 
            "parameters": {
                "alpha": 3.0
            }, 
            "time": 369.0
        }
    ], 
    "startedAt": 1586980384734, 
    "nSplits": 3
}