[
    {
        "parameters": {
            "alpha": 0.1
        }, 
        "score_time": 4, 
        "test_score": -68243.28058286213, 
        "fit_time": 37, 
        "num_samples": 4379, 
        "best_iteration": null, 
        "train_score": -65942.13426906832, 
        "parameter_id": 0, 
        "time": 41, 
        "done_at": 1586980384925, 
        "grid_point_id": "{\"alpha\": 0.1}@1"
    }, 
    {
        "parameters": {
            "alpha": 3.0
        }, 
        "score_time": 4, 
        "test_score": -93566.49593761023, 
        "fit_time": 113, 
        "num_samples": 4379, 
        "best_iteration": null, 
        "train_score": -91845.28764275592, 
        "parameter_id": 2, 
        "time": 117, 
        "done_at": 1586980384858, 
        "grid_point_id": "{\"alpha\": 3.0}@1"
    }, 
    {
        "parameters": {
            "alpha": 1.0
        }, 
        "score_time": 10, 
        "test_score": -76992.44076905157, 
        "fit_time": 44, 
        "num_samples": 4379, 
        "best_iteration": null, 
        "train_score": -77397.52084093726, 
        "parameter_id": 1, 
        "time": 54, 
        "done_at": 1586980384922, 
        "grid_point_id": "{\"alpha\": 1.0}@2"
    }, 
    {
        "parameters": {
            "alpha": 3.0
        }, 
        "score_time": 44, 
        "test_score": -91840.23292156908, 
        "fit_time": 86, 
        "num_samples": 4380, 
        "best_iteration": null, 
        "train_score": -92756.72889469408, 
        "parameter_id": 2, 
        "time": 130, 
        "done_at": 1586980384868, 
        "grid_point_id": "{\"alpha\": 3.0}@0"
    }, 
    {
        "parameters": {
            "alpha": 1.0
        }, 
        "score_time": 9, 
        "test_score": -76959.46245123901, 
        "fit_time": 109, 
        "num_samples": 4380, 
        "best_iteration": null, 
        "train_score": -78264.88410686176, 
        "parameter_id": 1, 
        "time": 118, 
        "done_at": 1586980384863, 
        "grid_point_id": "{\"alpha\": 1.0}@0"
    }, 
    {
        "parameters": {
            "alpha": 0.1
        }, 
        "score_time": 6, 
        "test_score": -66979.25209313958, 
        "fit_time": 53, 
        "num_samples": 4379, 
        "best_iteration": null, 
        "train_score": -66226.7381536374, 
        "parameter_id": 0, 
        "time": 59, 
        "done_at": 1586980384978, 
        "grid_point_id": "{\"alpha\": 0.1}@2"
    }, 
    {
        "parameters": {
            "alpha": 1.0
        }, 
        "score_time": 8, 
        "test_score": -79318.29413788853, 
        "fit_time": 42, 
        "num_samples": 4379, 
        "best_iteration": null, 
        "train_score": -77128.54461537648, 
        "parameter_id": 1, 
        "time": 50, 
        "done_at": 1586980384915, 
        "grid_point_id": "{\"alpha\": 1.0}@1"
    }, 
    {
        "parameters": {
            "alpha": 3.0
        }, 
        "score_time": 43, 
        "test_score": -91541.67880966124, 
        "fit_time": 79, 
        "num_samples": 4379, 
        "best_iteration": null, 
        "train_score": -92144.3923960261, 
        "parameter_id": 2, 
        "time": 122, 
        "done_at": 1586980384866, 
        "grid_point_id": "{\"alpha\": 3.0}@2"
    }, 
    {
        "parameters": {
            "alpha": 0.1
        }, 
        "score_time": 3, 
        "test_score": -65445.62136402712, 
        "fit_time": 85, 
        "num_samples": 4380, 
        "best_iteration": null, 
        "train_score": -67166.8642081327, 
        "parameter_id": 0, 
        "time": 88, 
        "done_at": 1586980384960, 
        "grid_point_id": "{\"alpha\": 0.1}@0"
    }
]