{
  "state": "DONE",
  "preSearchDescription": {
    "gridLength": 3,
    "importantParams": [
      {
        "name": "alpha",
        "vals": [
          "0.1",
          "1.0",
          "3.0"
        ]
      }
    ]
  },
  "postSearchDescription": {
    "importantParams": [
      {
        "name": "alpha",
        "val": "0.1"
      }
    ]
  },
  "timeOrderingEnabled": false,
  "sampleWeightsEnabled": false,
  "modelId": "m1",
  "progress": {
    "top_level_todo": [],
    "stack": [],
    "top_level_done": [
      {
        "name": "Loading train set",
        "time": 43
      },
      {
        "name": "Loading test set",
        "time": 14
      },
      {
        "name": "Collecting statistics",
        "time": 25
      },
      {
        "name": "Preprocessing train set",
        "time": 43
      },
      {
        "name": "Preprocessing test set",
        "time": 23
      },
      {
        "name": "Grid searching",
        "time": 1023
      },
      {
        "name": "Fitting model",
        "time": 56
      },
      {
        "name": "Saving model",
        "time": 2
      },
      {
        "name": "Scoring model",
        "time": 390
      }
    ]
  },
  "startTime": 1586980384566,
  "endTime": 1586980386187,
  "preprocessingTime": 150,
  "trainingTime": 1471
}