[
    {
        "parameters": {
            "alpha": 0.1
        }, 
        "score_time": 8, 
        "test_score": 0.6532308207572769, 
        "fit_time": 63, 
        "num_samples": 4379, 
        "best_iteration": null, 
        "train_score": 0.6702587871105254, 
        "parameter_id": 0, 
        "time": 71, 
        "done_at": 1586980172744, 
        "grid_point_id": "{\"alpha\": 0.1}@1"
    }, 
    {
        "parameters": {
            "alpha": 3.0
        }, 
        "score_time": 28, 
        "test_score": 0.3481293473706295, 
        "fit_time": 141, 
        "num_samples": 4379, 
        "best_iteration": null, 
        "train_score": 0.36032262583695807, 
        "parameter_id": 2, 
        "time": 169, 
        "done_at": 1586980172918, 
        "grid_point_id": "{\"alpha\": 3.0}@1"
    }, 
    {
        "parameters": {
            "alpha": 1.0
        }, 
        "score_time": 9, 
        "test_score": 0.5500414770881389, 
        "fit_time": 39, 
        "num_samples": 4379, 
        "best_iteration": null, 
        "train_score": 0.5501811717813154, 
        "parameter_id": 1, 
        "time": 48, 
        "done_at": 1586980172927, 
        "grid_point_id": "{\"alpha\": 1.0}@2"
    }, 
    {
        "parameters": {
            "alpha": 3.0
        }, 
        "score_time": 12, 
        "test_score": 0.36091993007719014, 
        "fit_time": 126, 
        "num_samples": 4380, 
        "best_iteration": null, 
        "train_score": 0.3532293336141836, 
        "parameter_id": 2, 
        "time": 138, 
        "done_at": 1586980172814, 
        "grid_point_id": "{\"alpha\": 3.0}@0"
    }, 
    {
        "parameters": {
            "alpha": 1.0
        }, 
        "score_time": 107, 
        "test_score": 0.5512407927212353, 
        "fit_time": 55, 
        "num_samples": 4380, 
        "best_iteration": null, 
        "train_score": 0.5395384634887498, 
        "parameter_id": 1, 
        "time": 162, 
        "done_at": 1586980172980, 
        "grid_point_id": "{\"alpha\": 1.0}@0"
    }, 
    {
        "parameters": {
            "alpha": 0.1
        }, 
        "score_time": 137, 
        "test_score": 0.6594688109594016, 
        "fit_time": 65, 
        "num_samples": 4379, 
        "best_iteration": null, 
        "train_score": 0.6706556168703679, 
        "parameter_id": 0, 
        "time": 202, 
        "done_at": 1586980172875, 
        "grid_point_id": "{\"alpha\": 0.1}@2"
    }, 
    {
        "parameters": {
            "alpha": 1.0
        }, 
        "score_time": 52, 
        "test_score": 0.5315454846095389, 
        "fit_time": 128, 
        "num_samples": 4379, 
        "best_iteration": null, 
        "train_score": 0.5488951406451936, 
        "parameter_id": 1, 
        "time": 180, 
        "done_at": 1586980173035, 
        "grid_point_id": "{\"alpha\": 1.0}@1"
    }, 
    {
        "parameters": {
            "alpha": 3.0
        }, 
        "score_time": 9, 
        "test_score": 0.3639166131313458, 
        "fit_time": 48, 
        "num_samples": 4379, 
        "best_iteration": null, 
        "train_score": 0.36243957486942224, 
        "parameter_id": 2, 
        "time": 57, 
        "done_at": 1586980172852, 
        "grid_point_id": "{\"alpha\": 3.0}@2"
    }, 
    {
        "parameters": {
            "alpha": 0.1
        }, 
        "score_time": 7, 
        "test_score": 0.6754732415203193, 
        "fit_time": 66, 
        "num_samples": 4380, 
        "best_iteration": null, 
        "train_score": 0.6608673437691857, 
        "parameter_id": 0, 
        "time": 73, 
        "done_at": 1586980172744, 
        "grid_point_id": "{\"alpha\": 0.1}@0"
    }
]