{
    "gridSize": 3, 
    "nThreads": 4, 
    "metric": "R2", 
    "gridPoints": [
        {
            "index": 0, 
            "finishedAt": 1586980172875.0, 
            "score": 0.6627252614664586, 
            "parameters": {
                "alpha": 0.1
            }, 
            "time": 346.0
        }, 
        {
            "index": 1, 
            "finishedAt": 1586980173035.0, 
            "score": 0.5442749491615946, 
            "parameters": {
                "alpha": 1.0
            }, 
            "time": 390.0
        }, 
        {
            "index": 2, 
            "finishedAt": 1586980172918.0, 
            "score": 0.3576557734403484, 
            "parameters": {
                "alpha": 3.0
            }, 
            "time": 364.0
        }
    ], 
    "startedAt": 1586980172665, 
    "nSplits": 3
}