{
    "gridSize": 5, 
    "nThreads": 4, 
    "metric": "ROC_AUC", 
    "gridPoints": [
        {
            "index": 0, 
            "finishedAt": 1587053911865.0, 
            "score": 0.8202900784974982, 
            "parameters": {
                "penalty": "l2", 
                "C": 0.01
            }, 
            "time": 239.0
        }, 
        {
            "index": 1, 
            "finishedAt": 1587053911873.0, 
            "score": 0.8212571969841204, 
            "parameters": {
                "penalty": "l2", 
                "C": 0.1
            }, 
            "time": 92.0
        }, 
        {
            "index": 2, 
            "finishedAt": 1587053911762.0, 
            "score": 0.8144032852553604, 
            "parameters": {
                "penalty": "l2", 
                "C": 1.0
            }, 
            "time": 87.0
        }, 
        {
            "index": 3, 
            "finishedAt": 1587053911986.0, 
            "score": 0.7990940333525622, 
            "parameters": {
                "penalty": "l2", 
                "C": 10.0
            }, 
            "time": 215.0
        }, 
        {
            "index": 4, 
            "finishedAt": 1587053911748.0, 
            "score": 0.7873286559455328, 
            "parameters": {
                "penalty": "l2", 
                "C": 100.0
            }, 
            "time": 285.0
        }
    ], 
    "startedAt": 1587053911617, 
    "nSplits": 3
}