[
    {
        "parameters": {
            "penalty": "l2", 
            "C": 0.01
        }, 
        "score_time": 90, 
        "test_score": 0.8222992982029127, 
        "fit_time": 18, 
        "num_samples": 597, 
        "best_iteration": null, 
        "train_score": 0.8300502008032129, 
        "parameter_id": 0, 
        "time": 108, 
        "done_at": 1587053911865, 
        "grid_point_id": "{\"penalty\": \"l2\", \"C\": 0.01}@2"
    }, 
    {
        "parameters": {
            "penalty": "l2", 
            "C": 100.0
        }, 
        "score_time": 56, 
        "test_score": 0.7853614457831326, 
        "fit_time": 44, 
        "num_samples": 598, 
        "best_iteration": null, 
        "train_score": 0.8584286896329034, 
        "parameter_id": 4, 
        "time": 100, 
        "done_at": 1587053911734, 
        "grid_point_id": "{\"penalty\": \"l2\", \"C\": 100.0}@0"
    }, 
    {
        "parameters": {
            "penalty": "l2", 
            "C": 1.0
        }, 
        "score_time": 13, 
        "test_score": 0.8117068273092369, 
        "fit_time": 11, 
        "num_samples": 598, 
        "best_iteration": null, 
        "train_score": 0.8654618473895582, 
        "parameter_id": 2, 
        "time": 24, 
        "done_at": 1587053911730, 
        "grid_point_id": "{\"penalty\": \"l2\", \"C\": 1.0}@1"
    }, 
    {
        "parameters": {
            "penalty": "l2", 
            "C": 0.1
        }, 
        "score_time": 14, 
        "test_score": 0.8109839357429718, 
        "fit_time": 7, 
        "num_samples": 598, 
        "best_iteration": null, 
        "train_score": 0.8451595326027729, 
        "parameter_id": 1, 
        "time": 21, 
        "done_at": 1587053911790, 
        "grid_point_id": "{\"penalty\": \"l2\", \"C\": 0.1}@0"
    }, 
    {
        "parameters": {
            "penalty": "l2", 
            "C": 100.0
        }, 
        "score_time": 39, 
        "test_score": 0.7879919678714858, 
        "fit_time": 46, 
        "num_samples": 598, 
        "best_iteration": null, 
        "train_score": 0.8712942221145891, 
        "parameter_id": 4, 
        "time": 85, 
        "done_at": 1587053911732, 
        "grid_point_id": "{\"penalty\": \"l2\", \"C\": 100.0}@1"
    }, 
    {
        "parameters": {
            "penalty": "l2", 
            "C": 1.0
        }, 
        "score_time": 25, 
        "test_score": 0.8089558232931726, 
        "fit_time": 11, 
        "num_samples": 598, 
        "best_iteration": null, 
        "train_score": 0.8553964602127102, 
        "parameter_id": 2, 
        "time": 36, 
        "done_at": 1587053911702, 
        "grid_point_id": "{\"penalty\": \"l2\", \"C\": 1.0}@0"
    }, 
    {
        "parameters": {
            "penalty": "l2", 
            "C": 0.1
        }, 
        "score_time": 13, 
        "test_score": 0.8235140562248995, 
        "fit_time": 8, 
        "num_samples": 598, 
        "best_iteration": null, 
        "train_score": 0.848055538737866, 
        "parameter_id": 1, 
        "time": 21, 
        "done_at": 1587053911818, 
        "grid_point_id": "{\"penalty\": \"l2\", \"C\": 0.1}@1"
    }, 
    {
        "parameters": {
            "penalty": "l2", 
            "C": 10.0
        }, 
        "score_time": 87, 
        "test_score": 0.8031925682528093, 
        "fit_time": 20, 
        "num_samples": 597, 
        "best_iteration": null, 
        "train_score": 0.8672791164658634, 
        "parameter_id": 3, 
        "time": 107, 
        "done_at": 1587053911986, 
        "grid_point_id": "{\"penalty\": \"l2\", \"C\": 10.0}@2"
    }, 
    {
        "parameters": {
            "penalty": "l2", 
            "C": 0.01
        }, 
        "score_time": 49, 
        "test_score": 0.8109437751004016, 
        "fit_time": 18, 
        "num_samples": 598, 
        "best_iteration": null, 
        "train_score": 0.836037617807915, 
        "parameter_id": 0, 
        "time": 67, 
        "done_at": 1587053911814, 
        "grid_point_id": "{\"penalty\": \"l2\", \"C\": 0.01}@0"
    }, 
    {
        "parameters": {
            "penalty": "l2", 
            "C": 100.0
        }, 
        "score_time": 61, 
        "test_score": 0.788629264532879, 
        "fit_time": 39, 
        "num_samples": 597, 
        "best_iteration": null, 
        "train_score": 0.8682530120481929, 
        "parameter_id": 4, 
        "time": 100, 
        "done_at": 1587053911748, 
        "grid_point_id": "{\"penalty\": \"l2\", \"C\": 100.0}@2"
    }, 
    {
        "parameters": {
            "penalty": "l2", 
            "C": 10.0
        }, 
        "score_time": 24, 
        "test_score": 0.797991967871486, 
        "fit_time": 29, 
        "num_samples": 598, 
        "best_iteration": null, 
        "train_score": 0.8707341930536215, 
        "parameter_id": 3, 
        "time": 53, 
        "done_at": 1587053911895, 
        "grid_point_id": "{\"penalty\": \"l2\", \"C\": 10.0}@1"
    }, 
    {
        "parameters": {
            "penalty": "l2", 
            "C": 0.1
        }, 
        "score_time": 38, 
        "test_score": 0.8292564196178653, 
        "fit_time": 12, 
        "num_samples": 597, 
        "best_iteration": null, 
        "train_score": 0.843433734939759, 
        "parameter_id": 1, 
        "time": 50, 
        "done_at": 1587053911873, 
        "grid_point_id": "{\"penalty\": \"l2\", \"C\": 0.1}@2"
    }, 
    {
        "parameters": {
            "penalty": "l2", 
            "C": 1.0
        }, 
        "score_time": 18, 
        "test_score": 0.822542696036672, 
        "fit_time": 9, 
        "num_samples": 597, 
        "best_iteration": null, 
        "train_score": 0.8615261044176706, 
        "parameter_id": 2, 
        "time": 27, 
        "done_at": 1587053911762, 
        "grid_point_id": "{\"penalty\": \"l2\", \"C\": 1.0}@2"
    }, 
    {
        "parameters": {
            "penalty": "l2", 
            "C": 0.01
        }, 
        "score_time": 47, 
        "test_score": 0.8276305220883533, 
        "fit_time": 17, 
        "num_samples": 598, 
        "best_iteration": null, 
        "train_score": 0.8323999515650542, 
        "parameter_id": 0, 
        "time": 64, 
        "done_at": 1587053911815, 
        "grid_point_id": "{\"penalty\": \"l2\", \"C\": 0.01}@1"
    }, 
    {
        "parameters": {
            "penalty": "l2", 
            "C": 10.0
        }, 
        "score_time": 37, 
        "test_score": 0.7961044176706827, 
        "fit_time": 18, 
        "num_samples": 598, 
        "best_iteration": null, 
        "train_score": 0.8581764242901253, 
        "parameter_id": 3, 
        "time": 55, 
        "done_at": 1587053911885, 
        "grid_point_id": "{\"penalty\": \"l2\", \"C\": 10.0}@0"
    }
]