{
    "usedGridSearch": true, 
    "probaAware": true, 
    "gridSize": 5, 
    "modelInputNRows": 1793, 
    "modelInputNCols": 82, 
    "modelInputMemory": 1176208, 
    "gridCells": [
        {
            "scoreTimeStd": 0.009416297927883689, 
            "scoreTime": 0.052, 
            "fitTime": 0.043000000000000003, 
            "score": 0.7873268334030064, 
            "params": {
                "penalty": "l2", 
                "C": 100.0
            }, 
            "fitTimeStd": 0.0029439202887759485, 
            "scoreStd": 0.0014144478461480877
        }, 
        {
            "scoreTimeStd": 0.0049216076867444674, 
            "scoreTime": 0.018666666666666665, 
            "fitTime": 0.010333333333333333, 
            "score": 0.8143972418260647, 
            "params": {
                "penalty": "l2", 
                "C": 1.0
            }, 
            "fitTimeStd": 0.0009428090415820634, 
            "scoreStd": 0.005863512389239171
        }, 
        {
            "scoreTimeStd": 0.0198158185969358, 
            "scoreTime": 0.062, 
            "fitTime": 0.017666666666666667, 
            "score": 0.8202900784974982, 
            "params": {
                "penalty": "l2", 
                "C": 0.01
            }, 
            "fitTimeStd": 0.0004714045207910305, 
            "scoreStd": 0.006960525138105196
        }, 
        {
            "scoreTimeStd": 0.011556623882239811, 
            "scoreTime": 0.021666666666666667, 
            "fitTime": 0.009, 
            "score": 0.8212470059724778, 
            "params": {
                "penalty": "l2", 
                "C": 0.1
            }, 
            "fitTimeStd": 0.0021602468994692866, 
            "scoreStd": 0.007629130343200595
        }, 
        {
            "scoreTimeStd": 0.027157974069424905, 
            "scoreTime": 0.04933333333333333, 
            "fitTime": 0.022333333333333334, 
            "score": 0.7990940333525622, 
            "params": {
                "penalty": "l2", 
                "C": 10.0
            }, 
            "fitTimeStd": 0.004784233364802442, 
            "scoreStd": 0.0029965126115769508
        }
    ], 
    "lmCoefficients": {
        "interceptStderr": null, 
        "interceptTstat": null, 
        "rescaledInterceptCoef": 42.88426987423537, 
        "rescaledCoefs": [
            -0.0009385031174274825, 
            -1.2028011846958045e-05, 
            -1.0434814392885173e-10, 
            0.001391322172621715, 
            -0.00033884049979454047, 
            -0.003460207342295938, 
            -0.002640361445770998, 
            -0.026392303693581157, 
            -0.026392303693581157, 
            -0.02355711461039949, 
            0.06580756016039653, 
            -2.973333033612595e-05, 
            0.011462576060123375, 
            5.628714587455245e-06, 
            0.015271702971369098, 
            0.12744283134571463, 
            -0.1732778474805717, 
            0.30749878652831764, 
            -0.022433756311551572, 
            0.0449506165629627, 
            0.0014410283877036105, 
            -0.3207903721837588, 
            0.14994257403139322, 
            0.07805591591241495, 
            0.00989024524128224, 
            0.1802891286795028, 
            -0.08442035682928496, 
            0.3951938026154048, 
            0.16084937047700826, 
            -0.3323447342907281, 
            0.03610020234235178, 
            0.3919355602582318, 
            0.0010669619701158246, 
            -0.1315628843960709, 
            -0.36189191745411126, 
            -0.031867215934812086, 
            -0.020802147750011667, 
            -0.11172636811367453, 
            -0.17608610840804415, 
            -0.15987553674450072, 
            0.23665049588005177, 
            -0.24651092972126507, 
            -0.09560167971805195, 
            0.016498015422458472, 
            -0.2442223403182571, 
            -0.16787090994229192, 
            0.017366894608327958, 
            -0.06936313896349397, 
            0.055246614589382646, 
            0.2660048963261694, 
            -0.017824199381759796, 
            -0.025285896969565323, 
            -0.22083960963477658, 
            0.018196080801341562, 
            -0.06689921142551955, 
            -0.07431638248627814, 
            -0.017386693665769695, 
            0.09434815077081204, 
            -0.00939891405083361, 
            0.0351565187720123, 
            -0.053290585464064684, 
            -0.2979945197209564, 
            -0.26128777846794016, 
            -0.12527809652365773, 
            -0.0013568972852131401, 
            -0.04380761529931292, 
            0.0835231035305341, 
            0.09984489465954623, 
            -0.2023735129562478, 
            -0.5933935006556402, 
            -0.029971650405342488, 
            0.14439371592519257, 
            -0.2625660236058056, 
            -0.013069926710946733, 
            -0.08835159374955241, 
            -0.07615982393714663, 
            0.2096941471947304, 
            -0.014982530243382319
        ], 
        "variables": [
            "Age", 
            "Amount_Requested", 
            "Date_Of_Birth_parsed", 
            "Date_Of_Birth_parsed_day", 
            "Date_Of_Birth_parsed_month", 
            "Date_Of_Birth_parsed_year", 
            "Debt_To_Income_Ratio", 
            "FICO", 
            "FICO_mean", 
            "Inquiries_in_the_Last_6_Months", 
            "Interest_Rate", 
            "Monthly_Income", 
            "Open_CREDIT_Lines", 
            "Revolving_CREDIT_Balance", 
            "nb_year_employment", 
            "dummy:Loan_Length:36 months", 
            "dummy:State:CA", 
            "dummy:State:NY", 
            "dummy:State:TX", 
            "dummy:State:FL", 
            "dummy:State:PA", 
            "dummy:State:GA", 
            "dummy:State:IL", 
            "dummy:State:NJ", 
            "dummy:State:VA", 
            "dummy:State:MD", 
            "dummy:State:NC", 
            "dummy:State:CO", 
            "dummy:State:OH", 
            "dummy:State:MA", 
            "dummy:State:WA", 
            "dummy:State:MI", 
            "dummy:State:CT", 
            "dummy:State:AZ", 
            "dummy:State:MN", 
            "dummy:State:AL", 
            "dummy:State:MO", 
            "dummy:State:SC", 
            "dummy:State:NV", 
            "dummy:State:OR", 
            "dummy:State:WI", 
            "dummy:State:KY", 
            "dummy:State:LA", 
            "dummy:State:KS", 
            "dummy:State:OK", 
            "dummy:State:UT", 
            "dummy:State:NM", 
            "dummy:State:NH", 
            "dummy:State:HI", 
            "dummy:State:RI", 
            "dummy:State:AK", 
            "dummy:State:DC", 
            "dummy:State:AR", 
            "dummy:State:WV", 
            "dummy:State:MT", 
            "dummy:State:DE", 
            "dummy:State:WY", 
            "dummy:State:VT", 
            "dummy:State:SD", 
            "dummy:State:IN", 
            "dummy:State:IA", 
            "dummy:Home_Ownership:RENT", 
            "dummy:Home_Ownership:MORTGAGE", 
            "dummy:Home_Ownership:OWNER", 
            "dummy:Home_Ownership:MORTGAE", 
            "dummy:Loan_Purpose:debt_consolidation", 
            "dummy:Loan_Purpose:credit_card", 
            "dummy:Loan_Purpose:other", 
            "dummy:Loan_Purpose:home_improvement", 
            "dummy:Loan_Purpose:major_purchase", 
            "dummy:Loan_Purpose:small_business", 
            "dummy:Loan_Purpose:car", 
            "dummy:Loan_Purpose:wedding", 
            "dummy:Loan_Purpose:moving", 
            "dummy:Loan_Purpose:medical", 
            "dummy:Loan_Purpose:vacation", 
            "dummy:Loan_Purpose:educational", 
            "dummy:Loan_Purpose:house"
        ], 
        "interceptCoef": -0.7881231648485197, 
        "interceptPvalue": null, 
        "coefs": [
            -0.005239945756739583, 
            -0.09397249162660919, 
            -0.018342597786081077, 
            0.012394628201008714, 
            -0.0011797476082828556, 
            -0.01928253234187355, 
            -0.01963329805916952, 
            -0.9138940347384142, 
            -0.9138940347384142, 
            -0.02961977864015962, 
            0.27597040059665073, 
            -0.10606872340974294, 
            0.05144222711871791, 
            0.10342108576279095, 
            0.05308049242508759, 
            0.12744283134571463, 
            -0.1732778474805717, 
            0.30749878652831764, 
            -0.022433756311551572, 
            0.0449506165629627, 
            0.0014410283877036105, 
            -0.3207903721837588, 
            0.14994257403139322, 
            0.07805591591241495, 
            0.00989024524128224, 
            0.1802891286795028, 
            -0.08442035682928496, 
            0.3951938026154048, 
            0.16084937047700826, 
            -0.3323447342907281, 
            0.03610020234235178, 
            0.3919355602582318, 
            0.0010669619701158246, 
            -0.1315628843960709, 
            -0.36189191745411126, 
            -0.031867215934812086, 
            -0.020802147750011667, 
            -0.11172636811367453, 
            -0.17608610840804415, 
            -0.15987553674450072, 
            0.23665049588005177, 
            -0.24651092972126507, 
            -0.09560167971805195, 
            0.016498015422458472, 
            -0.2442223403182571, 
            -0.16787090994229192, 
            0.017366894608327958, 
            -0.06936313896349397, 
            0.055246614589382646, 
            0.2660048963261694, 
            -0.017824199381759796, 
            -0.025285896969565323, 
            -0.22083960963477658, 
            0.018196080801341562, 
            -0.06689921142551955, 
            -0.07431638248627814, 
            -0.017386693665769695, 
            0.09434815077081204, 
            -0.00939891405083361, 
            0.0351565187720123, 
            -0.053290585464064684, 
            -0.2979945197209564, 
            -0.26128777846794016, 
            -0.12527809652365773, 
            -0.0013568972852131401, 
            -0.04380761529931292, 
            0.0835231035305341, 
            0.09984489465954623, 
            -0.2023735129562478, 
            -0.5933935006556402, 
            -0.029971650405342488, 
            0.14439371592519257, 
            -0.2625660236058056, 
            -0.013069926710946733, 
            -0.08835159374955241, 
            -0.07615982393714663, 
            0.2096941471947304, 
            -0.014982530243382319
        ]
    }, 
    "gridBestScore": 0.8212470059724778, 
    "modelInputIsSparse": false
}